{
  "scale": {
    "N=50": {
      "n_agents": 50,
      "lambda_mean": 0.40129650651336873,
      "lambda_std": 0.01408188717562157,
      "survival_mean": 26.666666666666668,
      "survival_std": 9.428090415820632,
      "welfare_mean": 23.370890654712298
    },
    "N=100": {
      "n_agents": 100,
      "lambda_mean": 0.42259133331538573,
      "lambda_std": 0.028299890076651776,
      "survival_mean": 26.666666666666668,
      "survival_std": 9.428090415820632,
      "welfare_mean": 23.549767199849242
    }
  },
  "no_shock": {
    "shock": {
      "shock_prob": 0.15,
      "shock_mag": 0.2,
      "lambda_mean": 0.5269200304610354,
      "lambda_std": 0.057315424790021975,
      "survival_mean": 0.0,
      "survival_std": 0.0
    },
    "no_shock": {
      "shock_prob": 0.0,
      "shock_mag": 0.0,
      "lambda_mean": 0.4741293615815448,
      "lambda_std": 0.015482890729063685,
      "survival_mean": 100.0,
      "survival_std": 0.0
    }
  },
  "multiplier": {
    "M=1.5": {
      "multiplier": 1.5,
      "lambda_mean": 0.37641864512497175,
      "lambda_std": 0.04826443812742702,
      "survival_mean": 20.0,
      "survival_std": 16.32993161855452,
      "welfare_mean": 22.634930515874803
    },
    "M=2.0": {
      "multiplier": 2.0,
      "lambda_mean": 0.3739999393210945,
      "lambda_std": 0.022115258550712367,
      "survival_mean": 26.666666666666668,
      "survival_std": 9.428090415820632,
      "welfare_mean": 25.23599915049532
    },
    "M=3.0": {
      "multiplier": 3.0,
      "lambda_mean": 0.3917424336492104,
      "lambda_std": 0.06294516762143232,
      "survival_mean": 40.0,
      "survival_std": 0.0,
      "welfare_mean": 30.968788142177896
    }
  }
}