{
  "cleanrl_CleanRL IPPO": {
    "n_seeds": 2,
    "lambda_mean": 0.4097549802965388,
    "lambda_std": 0.01748770278563247,
    "mann_whitney_u": 0.0,
    "p_value_raw": 0.22067136191984682,
    "cliffs_delta": -1.0,
    "p_value_holm": 0.8826854476793873
  },
  "cleanrl_CleanRL MAPPO": {
    "n_seeds": 2,
    "lambda_mean": 0.38907897521838763,
    "lambda_std": 0.025165867074746467,
    "mann_whitney_u": 0.0,
    "p_value_raw": 0.22067136191984682,
    "cliffs_delta": -1.0,
    "p_value_holm": 0.6620140857595405
  },
  "QMIX": {
    "n_seeds": 2,
    "lambda_mean": 0.48689686552072803,
    "lambda_std": 0.002398372574510088,
    "mann_whitney_u": 0.0,
    "p_value_raw": 0.22067136191984682,
    "cliffs_delta": -1.0,
    "p_value_holm": 0.44134272383969364
  },
  "LOLA": {
    "n_seeds": 2,
    "lambda_mean": 0.4981160612450173,
    "lambda_std": 0.00026248898535960463,
    "mann_whitney_u": 0.0,
    "p_value_raw": 0.22067136191984682,
    "cliffs_delta": -1.0,
    "p_value_holm": 0.22067136191984682
  }
}