{
  "results": [
    {
      "label": "Linear",
      "hidden": [],
      "mean_lam": 0.500072776856464,
      "survival": 0.7,
      "welfare": 24.248061874229858
    },
    {
      "label": "MLP-16",
      "hidden": [
        16
      ],
      "mean_lam": 0.4987947840448153,
      "survival": 0.7,
      "welfare": 24.225391826316887
    },
    {
      "label": "MLP-32-16",
      "hidden": [
        32,
        16
      ],
      "mean_lam": 0.49879907805100904,
      "survival": 0.7,
      "welfare": 24.225326508296206
    },
    {
      "label": "MLP-64-32-16",
      "hidden": [
        64,
        32,
        16
      ],
      "mean_lam": 0.4987989831668863,
      "survival": 0.7,
      "welfare": 24.225325123629997
    }
  ],
  "time_seconds": 0.25477170944213867
}