{
  "p0.1_d0.1_b1": {
    "p_shock": 0.1,
    "delta_shock": 0.1,
    "burst_len": 1,
    "survival_mean": 0.0,
    "survival_std": 0.0,
    "welfare_mean": 21.028707570327555,
    "cvar_10_mean": 20.941665393252705,
    "cvar_10_std": 0.03419167385544952
  },
  "p0.1_d0.1_b5": {
    "p_shock": 0.1,
    "delta_shock": 0.1,
    "burst_len": 5,
    "survival_mean": 0.0,
    "survival_std": 0.0,
    "welfare_mean": 21.04259636044811,
    "cvar_10_mean": 20.90832691192627,
    "cvar_10_std": 0.05856151580810476
  },
  "p0.1_d0.3_b1": {
    "p_shock": 0.1,
    "delta_shock": 0.3,
    "burst_len": 1,
    "survival_mean": 0.0,
    "survival_std": 0.0,
    "welfare_mean": 21.06703636171862,
    "cvar_10_mean": 20.97211436430613,
    "cvar_10_std": 0.0160432259241734
  },
  "p0.1_d0.3_b5": {
    "p_shock": 0.1,
    "delta_shock": 0.3,
    "burst_len": 5,
    "survival_mean": 0.0,
    "survival_std": 0.0,
    "welfare_mean": 21.129115989282155,
    "cvar_10_mean": 20.87447214126587,
    "cvar_10_std": 0.053433895111083984
  },
  "p0.3_d0.1_b1": {
    "p_shock": 0.3,
    "delta_shock": 0.1,
    "burst_len": 1,
    "survival_mean": 0.0,
    "survival_std": 0.0,
    "welfare_mean": 21.033796786446693,
    "cvar_10_mean": 20.956743682911195,
    "cvar_10_std": 0.0013830583859100187
  },
  "p0.3_d0.1_b5": {
    "p_shock": 0.3,
    "delta_shock": 0.1,
    "burst_len": 5,
    "survival_mean": 0.0,
    "survival_std": 0.0,
    "welfare_mean": 21.109093862380618,
    "cvar_10_mean": 20.961153570810954,
    "cvar_10_std": 0.05256675084432061
  },
  "p0.3_d0.3_b1": {
    "p_shock": 0.3,
    "delta_shock": 0.3,
    "burst_len": 1,
    "survival_mean": 0.0,
    "survival_std": 0.0,
    "welfare_mean": 21.120685355610107,
    "cvar_10_mean": 20.998745361963906,
    "cvar_10_std": 0.06177624066670795
  },
  "p0.3_d0.3_b5": {
    "p_shock": 0.3,
    "delta_shock": 0.3,
    "burst_len": 5,
    "survival_mean": 0.0,
    "survival_std": 0.0,
    "welfare_mean": 21.160273172741846,
    "cvar_10_mean": 20.868822733561196,
    "cvar_10_std": 0.024510065714517637
  }
}