{
  "CleanRL IPPO": {
    "label": "CleanRL IPPO",
    "params_per_agent": 4546,
    "lambda": {
      "mean": 0.4094644818130065,
      "std": 0.06384779125860973,
      "ci95": [
        0.38195177610713077,
        0.43772567156694586
      ]
    },
    "survival": {
      "mean": 37.50000000000001,
      "std": 10.267261887507626,
      "ci95": [
        33.0,
        42.0
      ]
    },
    "welfare": {
      "mean": 11.719750823614628,
      "std": 0.26816072328616086
    },
    "wall_clock": {
      "mean": 45.50479462146759,
      "total": 910.1798470020294
    },
    "per_seed_lambda": [
      0.4207700569651228,
      0.3702672444338131,
      0.5021302276285964,
      0.38596736728481507,
      0.28987235345427625,
      0.4377376853965311,
      0.32758146666310295,
      0.5434459075655486,
      0.3467885028034214,
      0.35658883516716755,
      0.4565238149523236,
      0.3743025265078389,
      0.34895524531108807,
      0.45882320060816634,
      0.40828090717565374,
      0.4729388424199229,
      0.3438415372651866,
      0.41828057091129384,
      0.4793753780155729,
      0.44681796573068777
    ],
    "per_seed_survival": [
      36.666666666666664,
      30.0,
      26.666666666666668,
      46.666666666666664,
      46.666666666666664,
      30.0,
      43.333333333333336,
      46.666666666666664,
      16.666666666666664,
      23.333333333333332,
      30.0,
      40.0,
      26.666666666666668,
      36.666666666666664,
      43.333333333333336,
      56.666666666666664,
      30.0,
      43.333333333333336,
      43.333333333333336,
      53.333333333333336
    ]
  },
  "CleanRL MAPPO": {
    "label": "CleanRL MAPPO",
    "params_per_agent": 4546,
    "lambda": {
      "mean": 0.3935009423179647,
      "std": 0.05406840304713505,
      "ci95": [
        0.3691039424501525,
        0.41680988521514034
      ]
    },
    "survival": {
      "mean": 37.0,
      "std": 10.744507640857464,
      "ci95": [
        32.3291666666667,
        41.66666666666667
      ]
    },
    "welfare": {
      "mean": 11.65270395773545,
      "std": 0.22708729279796674
    },
    "wall_clock": {
      "mean": 45.44709659814835,
      "total": 908.9918735027313
    },
    "per_seed_lambda": [
      0.4641285165988153,
      0.37433989260298883,
      0.40378801418546184,
      0.3708506951041432,
      0.25715174552279185,
      0.41352783338192184,
      0.32027276769919183,
      0.4513221411151516,
      0.3899302375802564,
      0.4258204022455184,
      0.454364195301908,
      0.3783304584496726,
      0.34123556444019093,
      0.33623975210421747,
      0.40209738596207706,
      0.473875668122561,
      0.34393840704262624,
      0.39471337720856703,
      0.45950946273353666,
      0.4145823289576962
    ],
    "per_seed_survival": [
      43.333333333333336,
      30.0,
      30.0,
      43.333333333333336,
      43.333333333333336,
      33.33333333333333,
      46.666666666666664,
      46.666666666666664,
      20.0,
      23.333333333333332,
      26.666666666666668,
      40.0,
      26.666666666666668,
      26.666666666666668,
      43.333333333333336,
      56.666666666666664,
      20.0,
      46.666666666666664,
      40.0,
      53.333333333333336
    ]
  }
}