{
  "CleanRL QMIX": {
    "label": "CleanRL QMIX",
    "params_per_agent": 5195,
    "mixing_params": 2438,
    "lambda": {
      "mean": 0.4930714285714286,
      "std": 0.07761484432089591,
      "ci95": [
        0.45911904761904765,
        0.5274538690476192
      ]
    },
    "survival": {
      "mean": 50.333333333333336,
      "std": 19.347695814575268,
      "ci95": [
        42.16666666666667,
        59.33333333333333
      ]
    },
    "welfare": {
      "mean": 12.0709,
      "std": 0.32598234614776384
    },
    "wall_clock": {
      "mean": 644.4260822176933,
      "total": 12888.711792945862
    },
    "per_seed_lambda": [
      0.5145238095238096,
      0.4019047619047619,
      0.5302380952380953,
      0.5240476190476191,
      0.4911904761904762,
      0.6380952380952379,
      0.4054761904761905,
      0.670238095238095,
      0.5438095238095239,
      0.5033333333333334,
      0.48642857142857143,
      0.44166666666666676,
      0.515952380952381,
      0.56,
      0.5180952380952382,
      0.3602380952380953,
      0.48738095238095247,
      0.4221428571428572,
      0.4773809523809524,
      0.3692857142857144
    ],
    "per_seed_survival": [
      46.666666666666664,
      33.33333333333333,
      56.666666666666664,
      53.333333333333336,
      50.0,
      86.66666666666667,
      40.0,
      93.33333333333333,
      73.33333333333333,
      53.333333333333336,
      43.333333333333336,
      40.0,
      60.0,
      76.66666666666667,
      40.0,
      16.666666666666664,
      33.33333333333333,
      40.0,
      46.666666666666664,
      23.333333333333332
    ]
  }
}