{
  "experiment": "2D Phase Diagram (M/N x N)",
  "config": {
    "MN_RATIOS": [
      0.05,
      0.15,
      0.3,
      0.5,
      0.75,
      1.0
    ],
    "N_VALUES": [
      5,
      10,
      20,
      50
    ],
    "N_SEEDS": 10,
    "N_EPISODES": 200,
    "BYZ_FRAC": 0.3
  },
  "data": {
    "N5_MN0.05": {
      "lambda_mean": 0.48794590622319484,
      "survival_mean": 70.99999999999999,
      "trapped": true
    },
    "N5_MN0.15": {
      "lambda_mean": 0.4894153742377565,
      "survival_mean": 70.0,
      "trapped": true
    },
    "N5_MN0.30": {
      "lambda_mean": 0.500335734911592,
      "survival_mean": 75.0,
      "trapped": true
    },
    "N5_MN0.50": {
      "lambda_mean": 0.49704105628442763,
      "survival_mean": 72.99999999999999,
      "trapped": true
    },
    "N5_MN0.75": {
      "lambda_mean": 0.502048900249172,
      "survival_mean": 73.66666666666666,
      "trapped": true
    },
    "N5_MN1.00": {
      "lambda_mean": 0.5045304065330976,
      "survival_mean": 74.66666666666666,
      "trapped": true
    },
    "N10_MN0.05": {
      "lambda_mean": 0.48439984925229423,
      "survival_mean": 50.333333333333336,
      "trapped": true
    },
    "N10_MN0.15": {
      "lambda_mean": 0.4936786196241451,
      "survival_mean": 50.666666666666664,
      "trapped": true
    },
    "N10_MN0.30": {
      "lambda_mean": 0.49642245982804356,
      "survival_mean": 51.333333333333336,
      "trapped": true
    },
    "N10_MN0.50": {
      "lambda_mean": 0.5011852619878805,
      "survival_mean": 52.333333333333336,
      "trapped": true
    },
    "N10_MN0.75": {
      "lambda_mean": 0.5028285329693079,
      "survival_mean": 53.666666666666664,
      "trapped": true
    },
    "N10_MN1.00": {
      "lambda_mean": 0.5059007129903926,
      "survival_mean": 53.333333333333336,
      "trapped": true
    },
    "N20_MN0.05": {
      "lambda_mean": 0.4878194358508413,
      "survival_mean": 50.66666666666667,
      "trapped": true
    },
    "N20_MN0.15": {
      "lambda_mean": 0.4975813655331313,
      "survival_mean": 52.0,
      "trapped": true
    },
    "N20_MN0.30": {
      "lambda_mean": 0.5013856757383233,
      "survival_mean": 52.33333333333333,
      "trapped": true
    },
    "N20_MN0.50": {
      "lambda_mean": 0.5032108567431938,
      "survival_mean": 53.0,
      "trapped": true
    },
    "N20_MN0.75": {
      "lambda_mean": 0.5036330150206545,
      "survival_mean": 53.333333333333336,
      "trapped": true
    },
    "N20_MN1.00": {
      "lambda_mean": 0.5048714048538975,
      "survival_mean": 53.0,
      "trapped": true
    },
    "N50_MN0.05": {
      "lambda_mean": 0.4917211383978768,
      "survival_mean": 51.333333333333336,
      "trapped": true
    },
    "N50_MN0.15": {
      "lambda_mean": 0.4975216862042733,
      "survival_mean": 52.666666666666664,
      "trapped": true
    },
    "N50_MN0.30": {
      "lambda_mean": 0.49898767322191767,
      "survival_mean": 52.666666666666664,
      "trapped": true
    },
    "N50_MN0.50": {
      "lambda_mean": 0.500163016775233,
      "survival_mean": 52.666666666666664,
      "trapped": true
    },
    "N50_MN0.75": {
      "lambda_mean": 0.4992501898306558,
      "survival_mean": 52.666666666666664,
      "trapped": true
    },
    "N50_MN1.00": {
      "lambda_mean": 0.5000135019546513,
      "survival_mean": 52.666666666666664,
      "trapped": true
    }
  },
  "time_seconds": 538.2968754768372
}