{
  "experiment": "2D Phase Diagram (M/N x N)",
  "config": {
    "MN_RATIOS": [
      0.05,
      0.15,
      0.3,
      0.5,
      0.75,
      1.0
    ],
    "N_VALUES": [
      5,
      10,
      20,
      50
    ],
    "N_SEEDS": 20,
    "N_EPISODES": 100,
    "BYZ_FRAC": 0.3
  },
  "data": {
    "N5_MN0.05": {
      "lambda_mean": 0.49139083886098345,
      "survival_mean": 71.5,
      "trapped": true
    },
    "N5_MN0.15": {
      "lambda_mean": 0.4928933994553664,
      "survival_mean": 71.83333333333333,
      "trapped": true
    },
    "N5_MN0.30": {
      "lambda_mean": 0.49590507500393893,
      "survival_mean": 73.33333333333333,
      "trapped": true
    },
    "N5_MN0.50": {
      "lambda_mean": 0.498338427145146,
      "survival_mean": 73.83333333333333,
      "trapped": true
    },
    "N5_MN0.75": {
      "lambda_mean": 0.500839580274476,
      "survival_mean": 74.66666666666666,
      "trapped": true
    },
    "N5_MN1.00": {
      "lambda_mean": 0.5015761916083032,
      "survival_mean": 74.83333333333333,
      "trapped": true
    },
    "N10_MN0.05": {
      "lambda_mean": 0.49421263883135974,
      "survival_mean": 51.33333333333333,
      "trapped": true
    },
    "N10_MN0.15": {
      "lambda_mean": 0.4972549688220099,
      "survival_mean": 52.16666666666667,
      "trapped": true
    },
    "N10_MN0.30": {
      "lambda_mean": 0.49895070598717417,
      "survival_mean": 52.5,
      "trapped": true
    },
    "N10_MN0.50": {
      "lambda_mean": 0.500727735870923,
      "survival_mean": 52.83333333333333,
      "trapped": true
    },
    "N10_MN0.75": {
      "lambda_mean": 0.5013755231195334,
      "survival_mean": 53.0,
      "trapped": true
    },
    "N10_MN1.00": {
      "lambda_mean": 0.5018683607512665,
      "survival_mean": 53.0,
      "trapped": true
    },
    "N20_MN0.05": {
      "lambda_mean": 0.4916418020295457,
      "survival_mean": 51.166666666666664,
      "trapped": true
    },
    "N20_MN0.15": {
      "lambda_mean": 0.4951441586407852,
      "survival_mean": 51.833333333333336,
      "trapped": true
    },
    "N20_MN0.30": {
      "lambda_mean": 0.4972142636943776,
      "survival_mean": 52.16666666666667,
      "trapped": true
    },
    "N20_MN0.50": {
      "lambda_mean": 0.49777718527860515,
      "survival_mean": 52.16666666666667,
      "trapped": true
    },
    "N20_MN0.75": {
      "lambda_mean": 0.4983085274379479,
      "survival_mean": 52.16666666666667,
      "trapped": true
    },
    "N20_MN1.00": {
      "lambda_mean": 0.49860788073209183,
      "survival_mean": 52.0,
      "trapped": true
    },
    "N50_MN0.05": {
      "lambda_mean": 0.4937022631355088,
      "survival_mean": 51.5,
      "trapped": true
    },
    "N50_MN0.15": {
      "lambda_mean": 0.4968958200049521,
      "survival_mean": 52.0,
      "trapped": true
    },
    "N50_MN0.30": {
      "lambda_mean": 0.49794490175254646,
      "survival_mean": 52.33333333333333,
      "trapped": true
    },
    "N50_MN0.50": {
      "lambda_mean": 0.49837153928315325,
      "survival_mean": 52.33333333333333,
      "trapped": true
    },
    "N50_MN0.75": {
      "lambda_mean": 0.49863199326257696,
      "survival_mean": 52.33333333333333,
      "trapped": true
    },
    "N50_MN1.00": {
      "lambda_mean": 0.4987649803070961,
      "survival_mean": 52.33333333333333,
      "trapped": true
    }
  },
  "time_seconds": 530.2192866802216
}