{
  "phi1_grid": [
    0.0,
    0.1,
    0.2,
    0.3,
    0.4,
    0.5,
    0.6,
    0.7,
    0.8,
    0.9,
    1.0
  ],
  "beta_grid": [
    0.0,
    0.05,
    0.1,
    0.15,
    0.2,
    0.25,
    0.3,
    0.35,
    0.4,
    0.45,
    0.5
  ],
  "survival_matrix": [
    [
      95.33333333333334,
      93.0,
      87.00000000000001,
      79.83333333333334,
      72.16666666666666,
      61.500000000000014,
      52.666666666666664,
      43.16666666666667,
      35.83333333333333,
      28.166666666666668,
      20.833333333333336
    ],
    [
      97.5,
      95.33333333333334,
      92.16666666666667,
      85.33333333333334,
      78.5,
      69.00000000000001,
      57.666666666666664,
      48.166666666666664,
      39.166666666666664,
      32.00000000000001,
      24.0
    ],
    [
      98.66666666666667,
      97.66666666666667,
      95.66666666666667,
      90.66666666666667,
      84.83333333333334,
      77.16666666666666,
      66.66666666666666,
      53.666666666666664,
      43.66666666666667,
      35.666666666666664,
      27.833333333333332
    ],
    [
      99.5,
      98.83333333333334,
      97.83333333333333,
      95.33333333333334,
      91.66666666666666,
      83.16666666666666,
      76.83333333333334,
      63.66666666666667,
      51.66666666666667,
      40.333333333333336,
      32.99999999999999
    ],
    [
      99.83333333333334,
      99.33333333333334,
      99.00000000000001,
      97.99999999999999,
      96.16666666666666,
      92.0,
      84.83333333333333,
      77.16666666666666,
      60.83333333333333,
      49.5,
      39.166666666666664
    ],
    [
      100.0,
      99.83333333333334,
      99.83333333333334,
      99.16666666666667,
      98.66666666666666,
      96.83333333333334,
      92.16666666666666,
      84.83333333333333,
      77.33333333333331,
      56.33333333333333,
      46.83333333333333
    ],
    [
      100.0,
      100.0,
      99.83333333333334,
      99.83333333333334,
      99.50000000000001,
      98.66666666666666,
      96.66666666666666,
      92.66666666666666,
      84.16666666666667,
      77.33333333333331,
      54.33333333333333
    ],
    [
      100.0,
      100.0,
      100.0,
      99.83333333333334,
      99.83333333333334,
      99.33333333333334,
      98.66666666666666,
      97.0,
      92.16666666666666,
      82.33333333333333,
      75.83333333333334
    ],
    [
      100.0,
      100.0,
      100.0,
      100.0,
      100.0,
      99.83333333333334,
      99.50000000000001,
      98.83333333333334,
      97.16666666666667,
      91.83333333333333,
      79.33333333333331
    ],
    [
      100.0,
      100.0,
      100.0,
      100.0,
      100.0,
      100.0,
      99.83333333333334,
      99.50000000000001,
      98.83333333333334,
      97.0,
      91.16666666666666
    ],
    [
      100.0,
      100.0,
      100.0,
      100.0,
      100.0,
      100.0,
      100.0,
      99.83333333333334,
      99.66666666666667,
      98.83333333333334,
      96.16666666666666
    ]
  ],
  "n_seeds": 20,
  "n_episodes": 200,
  "config": {
    "PHI1_GRID": 11,
    "BETA_GRID": 11,
    "N_SEEDS": 10,
    "N_EPISODES": 50,
    "N_AGENTS": 20,
    "T_HORIZON": 50,
    "framework": "NumPy REINFORCE"
  }
}