{
  "results": [
    {
      "K": 0,
      "mean_lam": 0.4970668099069295,
      "survival": 0.5,
      "welfare": 24.22657537921399,
      "time_s": 0.049488067626953125,
      "time_ratio": 1.0
    },
    {
      "K": 1,
      "mean_lam": 0.4967460869790611,
      "survival": 0.45,
      "welfare": 24.190904884533694,
      "time_s": 0.07529115676879883,
      "time_ratio": 1.5214002158328837
    },
    {
      "K": 2,
      "mean_lam": 0.5002945973535878,
      "survival": 0.45,
      "welfare": 24.1817363196698,
      "time_s": 0.08779668807983398,
      "time_ratio": 1.7740981268789022
    }
  ]
}