{
  "0.02_0.0": {
    "r_crit": 0.02,
    "phi1": 0.0,
    "survival_pct": 32.8,
    "welfare": 1309.8640000000003
  },
  "0.02_0.1": {
    "r_crit": 0.02,
    "phi1": 0.1,
    "survival_pct": 32.8,
    "welfare": 1310.6512000000005
  },
  "0.02_0.2": {
    "r_crit": 0.02,
    "phi1": 0.2,
    "survival_pct": 32.8,
    "welfare": 1311.4384000000005
  },
  "0.02_0.3": {
    "r_crit": 0.02,
    "phi1": 0.3,
    "survival_pct": 33.6,
    "welfare": 1313.0368000000003
  },
  "0.02_0.4": {
    "r_crit": 0.02,
    "phi1": 0.4,
    "survival_pct": 36.4,
    "welfare": 1320.9264000000003
  },
  "0.02_0.5": {
    "r_crit": 0.02,
    "phi1": 0.5,
    "survival_pct": 39.2,
    "welfare": 1325.4256000000003
  },
  "0.02_0.6": {
    "r_crit": 0.02,
    "phi1": 0.6,
    "survival_pct": 41.6,
    "welfare": 1328.8704000000005
  },
  "0.02_0.7": {
    "r_crit": 0.02,
    "phi1": 0.7,
    "survival_pct": 41.2,
    "welfare": 1335.5952000000002
  },
  "0.02_0.8": {
    "r_crit": 0.02,
    "phi1": 0.8,
    "survival_pct": 48.0,
    "welfare": 1356.8352000000002
  },
  "0.02_0.9": {
    "r_crit": 0.02,
    "phi1": 0.9,
    "survival_pct": 72.0,
    "welfare": 1392.7968000000003
  },
  "0.02_1.0": {
    "r_crit": 0.02,
    "phi1": 1.0,
    "survival_pct": 78.4,
    "welfare": 1406.2592000000002
  },
  "0.05_0.0": {
    "r_crit": 0.05,
    "phi1": 0.0,
    "survival_pct": 17.6,
    "welfare": 1230.9696
  },
  "0.05_0.1": {
    "r_crit": 0.05,
    "phi1": 0.1,
    "survival_pct": 18.4,
    "welfare": 1237.3248
  },
  "0.05_0.2": {
    "r_crit": 0.05,
    "phi1": 0.2,
    "survival_pct": 17.6,
    "welfare": 1240.1008000000004
  },
  "0.05_0.3": {
    "r_crit": 0.05,
    "phi1": 0.3,
    "survival_pct": 19.2,
    "welfare": 1248.7279999999998
  },
  "0.05_0.4": {
    "r_crit": 0.05,
    "phi1": 0.4,
    "survival_pct": 19.2,
    "welfare": 1250.3936
  },
  "0.05_0.5": {
    "r_crit": 0.05,
    "phi1": 0.5,
    "survival_pct": 22.8,
    "welfare": 1263.5984000000003
  },
  "0.05_0.6": {
    "r_crit": 0.05,
    "phi1": 0.6,
    "survival_pct": 24.0,
    "welfare": 1271.4096000000002
  },
  "0.05_0.7": {
    "r_crit": 0.05,
    "phi1": 0.7,
    "survival_pct": 28.4,
    "welfare": 1289.9280000000003
  },
  "0.05_0.8": {
    "r_crit": 0.05,
    "phi1": 0.8,
    "survival_pct": 38.0,
    "welfare": 1321.3056
  },
  "0.05_0.9": {
    "r_crit": 0.05,
    "phi1": 0.9,
    "survival_pct": 63.6,
    "welfare": 1371.7808
  },
  "0.05_1.0": {
    "r_crit": 0.05,
    "phi1": 1.0,
    "survival_pct": 78.0,
    "welfare": 1404.9168000000002
  },
  "0.08_0.0": {
    "r_crit": 0.08,
    "phi1": 0.0,
    "survival_pct": 10.0,
    "welfare": 1157.1568000000002
  },
  "0.08_0.1": {
    "r_crit": 0.08,
    "phi1": 0.1,
    "survival_pct": 9.6,
    "welfare": 1158.8464
  },
  "0.08_0.2": {
    "r_crit": 0.08,
    "phi1": 0.2,
    "survival_pct": 8.8,
    "welfare": 1160.5152
  },
  "0.08_0.3": {
    "r_crit": 0.08,
    "phi1": 0.3,
    "survival_pct": 9.6,
    "welfare": 1166.7839999999999
  },
  "0.08_0.4": {
    "r_crit": 0.08,
    "phi1": 0.4,
    "survival_pct": 12.8,
    "welfare": 1184.1888
  },
  "0.08_0.5": {
    "r_crit": 0.08,
    "phi1": 0.5,
    "survival_pct": 12.0,
    "welfare": 1189.088
  },
  "0.08_0.6": {
    "r_crit": 0.08,
    "phi1": 0.6,
    "survival_pct": 15.6,
    "welfare": 1207.2256
  },
  "0.08_0.7": {
    "r_crit": 0.08,
    "phi1": 0.7,
    "survival_pct": 20.8,
    "welfare": 1229.3792
  },
  "0.08_0.8": {
    "r_crit": 0.08,
    "phi1": 0.8,
    "survival_pct": 32.0,
    "welfare": 1287.4239999999998
  },
  "0.08_0.9": {
    "r_crit": 0.08,
    "phi1": 0.9,
    "survival_pct": 59.6,
    "welfare": 1356.1103999999996
  },
  "0.08_1.0": {
    "r_crit": 0.08,
    "phi1": 1.0,
    "survival_pct": 78.0,
    "welfare": 1405.1744
  },
  "0.10_0.0": {
    "r_crit": 0.1,
    "phi1": 0.0,
    "survival_pct": 9.2,
    "welfare": 1103.4255999999998
  },
  "0.10_0.1": {
    "r_crit": 0.1,
    "phi1": 0.1,
    "survival_pct": 9.2,
    "welfare": 1105.36
  },
  "0.10_0.2": {
    "r_crit": 0.1,
    "phi1": 0.2,
    "survival_pct": 7.2,
    "welfare": 1112.7935999999997
  },
  "0.10_0.3": {
    "r_crit": 0.1,
    "phi1": 0.3,
    "survival_pct": 10.0,
    "welfare": 1128.0319999999997
  },
  "0.10_0.4": {
    "r_crit": 0.1,
    "phi1": 0.4,
    "survival_pct": 10.8,
    "welfare": 1135.9855999999997
  },
  "0.10_0.5": {
    "r_crit": 0.1,
    "phi1": 0.5,
    "survival_pct": 10.4,
    "welfare": 1151.8383999999999
  },
  "0.10_0.6": {
    "r_crit": 0.1,
    "phi1": 0.6,
    "survival_pct": 11.6,
    "welfare": 1167.7696
  },
  "0.10_0.7": {
    "r_crit": 0.1,
    "phi1": 0.7,
    "survival_pct": 14.0,
    "welfare": 1204.16
  },
  "0.10_0.8": {
    "r_crit": 0.1,
    "phi1": 0.8,
    "survival_pct": 24.4,
    "welfare": 1258.4527999999996
  },
  "0.10_0.9": {
    "r_crit": 0.1,
    "phi1": 0.9,
    "survival_pct": 52.0,
    "welfare": 1346.7359999999994
  },
  "0.10_1.0": {
    "r_crit": 0.1,
    "phi1": 1.0,
    "survival_pct": 76.0,
    "welfare": 1398.08
  },
  "0.13_0.0": {
    "r_crit": 0.13,
    "phi1": 0.0,
    "survival_pct": 6.0,
    "welfare": 1033.6799999999998
  },
  "0.13_0.1": {
    "r_crit": 0.13,
    "phi1": 0.1,
    "survival_pct": 6.8,
    "welfare": 1035.5023999999999
  },
  "0.13_0.2": {
    "r_crit": 0.13,
    "phi1": 0.2,
    "survival_pct": 6.4,
    "welfare": 1045.5295999999998
  },
  "0.13_0.3": {
    "r_crit": 0.13,
    "phi1": 0.3,
    "survival_pct": 7.2,
    "welfare": 1048.3407999999995
  },
  "0.13_0.4": {
    "r_crit": 0.13,
    "phi1": 0.4,
    "survival_pct": 7.6,
    "welfare": 1064.9151999999995
  },
  "0.13_0.5": {
    "r_crit": 0.13,
    "phi1": 0.5,
    "survival_pct": 9.6,
    "welfare": 1086.2399999999993
  },
  "0.13_0.6": {
    "r_crit": 0.13,
    "phi1": 0.6,
    "survival_pct": 9.2,
    "welfare": 1109.1088
  },
  "0.13_0.7": {
    "r_crit": 0.13,
    "phi1": 0.7,
    "survival_pct": 13.2,
    "welfare": 1149.5184
  },
  "0.13_0.8": {
    "r_crit": 0.13,
    "phi1": 0.8,
    "survival_pct": 26.4,
    "welfare": 1213.8415999999993
  },
  "0.13_0.9": {
    "r_crit": 0.13,
    "phi1": 0.9,
    "survival_pct": 61.6,
    "welfare": 1354.1327999999994
  },
  "0.13_1.0": {
    "r_crit": 0.13,
    "phi1": 1.0,
    "survival_pct": 70.4,
    "welfare": 1395.272
  },
  "0.15_0.0": {
    "r_crit": 0.15,
    "phi1": 0.0,
    "survival_pct": 4.8,
    "welfare": 983.1007999999998
  },
  "0.15_0.1": {
    "r_crit": 0.15,
    "phi1": 0.1,
    "survival_pct": 4.0,
    "welfare": 994.8415999999997
  },
  "0.15_0.2": {
    "r_crit": 0.15,
    "phi1": 0.2,
    "survival_pct": 4.4,
    "welfare": 1004.9199999999997
  },
  "0.15_0.3": {
    "r_crit": 0.15,
    "phi1": 0.3,
    "survival_pct": 8.0,
    "welfare": 1027.2687999999996
  },
  "0.15_0.4": {
    "r_crit": 0.15,
    "phi1": 0.4,
    "survival_pct": 8.0,
    "welfare": 1030.3391999999997
  },
  "0.15_0.5": {
    "r_crit": 0.15,
    "phi1": 0.5,
    "survival_pct": 9.2,
    "welfare": 1043.1216
  },
  "0.15_0.6": {
    "r_crit": 0.15,
    "phi1": 0.6,
    "survival_pct": 8.4,
    "welfare": 1074.3311999999999
  },
  "0.15_0.7": {
    "r_crit": 0.15,
    "phi1": 0.7,
    "survival_pct": 11.6,
    "welfare": 1120.096
  },
  "0.15_0.8": {
    "r_crit": 0.15,
    "phi1": 0.8,
    "survival_pct": 22.0,
    "welfare": 1204.6991999999996
  },
  "0.15_0.9": {
    "r_crit": 0.15,
    "phi1": 0.9,
    "survival_pct": 60.4,
    "welfare": 1350.561599999999
  },
  "0.15_1.0": {
    "r_crit": 0.15,
    "phi1": 1.0,
    "survival_pct": 68.0,
    "welfare": 1384.36
  },
  "0.18_0.0": {
    "r_crit": 0.18,
    "phi1": 0.0,
    "survival_pct": 2.8,
    "welfare": 919.0975999999997
  },
  "0.18_0.1": {
    "r_crit": 0.18,
    "phi1": 0.1,
    "survival_pct": 2.8,
    "welfare": 923.1999999999996
  },
  "0.18_0.2": {
    "r_crit": 0.18,
    "phi1": 0.2,
    "survival_pct": 2.8,
    "welfare": 940.1103999999998
  },
  "0.18_0.3": {
    "r_crit": 0.18,
    "phi1": 0.3,
    "survival_pct": 2.8,