{
  "experiment": "MACCL Mild TPSD + Escape Time Scaling",
  "config": {
    "N": 20,
    "T": 50,
    "seeds": 3,
    "byz": 0.3
  },
  "maccl_floor_spectrum": {
    "f_crit_0.01": {
      "f_crit": 0.01,
      "theorem2_phi1": 1.0,
      "learned_floor_mean": 0.975,
      "learned_floor_std": 0.0,
      "survival_mean": 1.0,
      "welfare_mean": 28.29,
      "per_seed": [
        {
          "welfare": 28.2903089167967,
          "survival": 1.0,
          "floor_at_crit": 0.9621425916907764,
          "floor_at_mid": 0.975937780327701,
          "floor_at_high": 0.9858642811983205,
          "floor_mean": 0.9746482177389325,
          "omega": [
            0.8641108968525835,
            0.7251915770386841,
            3.0894025300330323
          ]
        },
        {
          "welfare": 28.288682076138116,
          "survival": 1.0,
          "floor_at_crit": 0.9614315042231025,
          "floor_at_mid": 0.9754093262301735,
          "floor_at_high": 0.9855116920676865,
          "floor_mean": 0.9741175075069876,
          "omega": [
            0.8565358495815989,
            0.7240213139107432,
            3.0712166953950586
          ]
        },
        {
          "welfare": 28.29301853139588,
          "survival": 1.0,
          "floor_at_crit": 0.962228224889883,
          "floor_at_mid": 0.9760759082916672,
          "floor_at_high": 0.9860089774145551,
          "floor_mean": 0.9747710368653685,
          "omega": [
            0.8692437740972991,
            0.7328770805071727,
            3.090813228608001
          ]
        }
      ]
    },
    "f_crit_0.05": {
      "f_crit": 0.05,
      "theorem2_phi1": 0.79,
      "learned_floor_mean": 0.975,
      "learned_floor_std": 0.0,
      "survival_mean": 1.0,
      "welfare_mean": 28.29,
      "per_seed": [
        {
          "welfare": 28.290353621156,
          "survival": 1.0,
          "floor_at_crit": 0.9621604652567421,
          "floor_at_mid": 0.9759484469232431,
          "floor_at_high": 0.9858699655628883,
          "floor_mean": 0.9746596259142911,
          "omega": [
            0.8640568295435447,
            0.7251143324065179,
            3.0899031949063698
          ]
        },
        {
          "welfare": 28.288687211353572,
          "survival": 1.0,
          "floor_at_crit": 0.9614281692683295,
          "floor_at_mid": 0.9754087359063441,
          "floor_at_high": 0.9855123167204833,
          "floor_mean": 0.9741164072983857,
          "omega": [
            0.8566812541952196,
            0.7240847461480282,
            3.071103524105954
          ]
        },
        {
          "welfare": 28.293042978957804,
          "survival": 1.0,
          "floor_at_crit": 0.9622073501661083,
          "floor_at_mid": 0.9760716303580725,
          "floor_at_high": 0.986011943134728,
          "floor_mean": 0.9747636412196363,
          "omega": [
            0.870150875632163,
            0.7332002920230796,
            3.0900956953589347
          ]
        }
      ]
    },
    "f_crit_0.1": {
      "f_crit": 0.1,
      "theorem2_phi1": 0.59,
      "learned_floor_mean": 0.975,
      "learned_floor_std": 0.0,
      "survival_mean": 1.0,
      "welfare_mean": 28.29,
      "per_seed": [
        {
          "welfare": 28.29033445692515,
          "survival": 1.0,
          "floor_at_crit": 0.9621375114950249,
          "floor_at_mid": 0.9759381887749751,
          "floor_at_high": 0.9858674122189285,
          "floor_mean": 0.9746477041629761,
          "omega": [
            0.8643162101220536,
            0.7255651930976992,
            3.0892238626751904
          ]
        },
        {
          "welfare": 28.28870291783881,
          "survival": 1.0,
          "floor_at_crit": 0.9614164749244439,
          "floor_at_mid": 0.9754064430366614,
          "floor_at_high": 0.9855142201909752,
          "floor_mean": 0.9741123793840268,
          "omega": [
            0.8571737353415543,
            0.7242928658815018,
            3.0707096680717942
          ]
        },
        {
          "welfare": 28.29304124623745,
          "survival": 1.0,
          "floor_at_crit": 0.9621887446691327,
          "floor_at_mid": 0.9760645701069293,
          "floor_at_high": 0.9860114916437351,
          "floor_mean": 0.9747549354732657,
          "omega": [
            0.8704483398907747,
            0.7336625331865143,
            3.0895291553407382
          ]
        }
      ]
    },
    "f_crit_0.5": {
      "f_crit": 0.5,
      "theorem2_phi1": 0.44,
      "learned_floor_mean": 0.974,
      "learned_floor_std": 0.0,
      "survival_mean": 1.0,
      "welfare_mean": 28.29,
      "per_seed": [
        {
          "welfare": 28.29031136627253,
          "survival": 1.0,
          "floor_at_crit": 0.9621075692694442,
          "floor_at_mid": 0.9759248564893807,
          "floor_at_high": 0.9858643005738384,
          "floor_mean": 0.9746322421108878,
          "omega": [
            0.864620198234789,
            0.7262141389279186,
            3.0883420396503762
          ]
        },
        {
          "welfare": 28.288716781844624,
          "survival": 1.0,
          "floor_at_crit": 0.9613944427358563,
          "floor_at_mid": 0.9753997488778012,
          "floor_at_high": 0.9855157082728975,
          "floor_mean": 0.9741032999621849,
          "omega": [
            0.8576948425326414,
            0.7248747316651993,
            3.070024630532016
          ]
        },
        {
          "welfare": 28.293038024507002,
          "survival": 1.0,
          "floor_at_crit": 0.9621727948838016,
          "floor_at_mid": 0.9760582957869298,
          "floor_at_high": 0.9860108793003957,
          "floor_mean": 0.974747323323709,
          "omega": [
            0.8706714258463322,
            0.7340656319137384,
            3.089048308576457
          ]
        }
      ]
    }
  },
  "survival_duration_scaling": [
    {
      "N": 5,
      "mean_duration": 201.66666666666666,
      "std_duration": 161.17554267181964,
      "per_seed": [
        47,
        424,
        134
      ]
    },
    {
      "N": 10,
      "mean_duration": 82.0,
      "std_duration": 38.79003308411411,
      "per_seed": [
        35,
        130,
        81
      ]
    },
    {
      "N": 20,
      "mean_duration": 43.666666666666664,
      "std_duration": 32.8870119584549,
      "per_seed": [
        17,
        24,
        90
      ]
    },
    {
      "N": 50,
      "mean_duration": 104.0,
      "std_duration": 54.01851534427802,
      "per_seed": [
        160,
        31,
        121
      ]
    },
    {
      "N": 100,
      "mean_duration": 23.666666666666668,
      "std_duration": 4.0276819911981905,
      "per_seed": [
        26,
        27,
        18
      ]
    }
  ],
  "time_seconds": 537.8
}