{
  "noisy_std0.05_dly0": {
    "situational": {
      "lambda_mean": 0.6348065348571923,
      "lambda_std": 0.06665669823522634,
      "survival_mean": 82.0,
      "survival_std": 11.661903789690601,
      "welfare_mean": 25.332374892800416,
      "welfare_std": 0.5599162651759022
    },
    "unconditional": {
      "lambda_mean": 0.7436270768951483,
      "lambda_std": 0.017357602202240738,
      "survival_mean": 85.0,
      "survival_std": 10.246950765959598,
      "welfare_mean": 26.246467445919244,
      "welfare_std": 0.14580385849882171
    },
    "ippo": {
      "lambda_mean": 0.3932411871613854,
      "lambda_std": 0.07051853663481004,
      "survival_mean": 35.0,
      "survival_std": 10.801234497346433,
      "welfare_mean": 23.303225972155644,
      "welfare_std": 0.5923557077324058
    }
  },
  "noisy_std0.1_dly0": {
    "situational": {
      "lambda_mean": 0.6152063407570975,
      "lambda_std": 0.06131981906791115,
      "survival_mean": 79.0,
      "survival_std": 14.45683229480096,
      "welfare_mean": 25.16773326235962,
      "welfare_std": 0.5150864801704533
    },
    "unconditional": {
      "lambda_mean": 0.7469428656787226,
      "lambda_std": 0.006684765768652638,
      "survival_mean": 86.0,
      "survival_std": 11.135528725660043,
      "welfare_mean": 26.274320071701272,
      "welfare_std": 0.056152032456683286
    },
    "ippo": {
      "lambda_mean": 0.3777185645749112,
      "lambda_std": 0.0639151904459525,
      "survival_mean": 33.333333333333336,
      "survival_std": 8.498365855987975,
      "welfare_mean": 23.172835942429256,
      "welfare_std": 0.5368875997459998
    }
  },
  "noisy_std0.2_dly0": {
    "situational": {
      "lambda_mean": 0.5523271874956013,
      "lambda_std": 0.042113110429833435,
      "survival_mean": 75.0,
      "survival_std": 15.0,
      "welfare_mean": 24.63954837496305,
      "welfare_std": 0.35375012761060126
    },
    "unconditional": {
      "lambda_mean": 0.7462797215976669,
      "lambda_std": 0.005656819185838585,
      "survival_mean": 85.0,
      "survival_std": 10.246950765959598,
      "welfare_mean": 26.268749661420408,
      "welfare_std": 0.04751728116104305
    },
    "ippo": {
      "lambda_mean": 0.3902520436145518,
      "lambda_std": 0.020061342962156094,
      "survival_mean": 33.333333333333336,
      "survival_std": 9.428090415820632,
      "welfare_mean": 23.278117166362232,
      "welfare_std": 0.16851528088211173
    }
  },
  "delayed_std0.0_dly1": {
    "situational": {
      "lambda_mean": 0.6377575643645865,
      "lambda_std": 0.032507590293807426,
      "survival_mean": 83.0,
      "survival_std": 6.4031242374328485,
      "welfare_mean": 25.357163540662526,
      "welfare_std": 0.2730637584679832
    },
    "unconditional": {
      "lambda_mean": 0.7464785206054885,
      "lambda_std": 0.023602740602213772,
      "survival_mean": 85.0,
      "survival_std": 6.708203932499369,
      "welfare_mean": 26.270419573086105,
      "welfare_std": 0.19826302105859583
    },
    "ippo": {
      "lambda_mean": 0.4278064451353749,
      "lambda_std": 0.09078795647228746,
      "survival_mean": 40.0,
      "survival_std": 7.0710678118654755,
      "welfare_mean": 23.59357413913715,
      "welfare_std": 0.7626188343672174
    }
  },
  "delayed_std0.0_dly2": {
    "situational": {
      "lambda_mean": 0.6479734124104135,
      "lambda_std": 0.034108961122739,
      "survival_mean": 85.0,
      "survival_std": 8.06225774829855,
      "welfare_mean": 25.442976664247475,
      "welfare_std": 0.286515273431006
    },
    "unconditional": {
      "lambda_mean": 0.7428274975862105,
      "lambda_std": 0.027096176040002216,
      "survival_mean": 86.0,
      "survival_std": 8.0,
      "welfare_mean": 26.239750979724164,
      "welfare_std": 0.2276078787360185
    },
    "ippo": {
      "lambda_mean": 0.42140456528840725,
      "lambda_std": 0.07703819386216577,
      "survival_mean": 41.666666666666664,
      "survival_std": 6.236095644623236,
      "welfare_mean": 23.539798348422618,
      "welfare_std": 0.647120828442196
    }
  },
  "delayed_std0.0_dly5": {
    "situational": {
      "lambda_mean": 0.6629160149680581,
      "lambda_std": 0.03538671557943125,
      "survival_mean": 86.0,
      "survival_std": 9.16515138991168,
      "welfare_mean": 25.56849452573169,
      "welfare_std": 0.2972484108672223
    },
    "unconditional": {
      "lambda_mean": 0.7363718638407323,
      "lambda_std": 0.02851542321942124,
      "survival_mean": 87.0,
      "survival_std": 9.0,
      "welfare_mean": 26.185523656262156,
      "welfare_std": 0.2395295550431375
    },
    "ippo": {
      "lambda_mean": 0.40447588613075575,
      "lambda_std": 0.06663627363593197,
      "survival_mean": 40.0,
      "survival_std": 4.08248290463863,
      "welfare_mean": 23.397597443498345,
      "welfare_std": 0.5597446985418301
    }
  },
  "local_std0.0_dly0": {
    "situational": {
      "lambda_mean": 0.7474813413204646,
      "lambda_std": 0.00108416529272072,
      "survival_mean": 88.0,
      "survival_std": 7.483314773547883,
      "welfare_mean": 26.278843267091908,
      "welfare_std": 0.00910698845885419
    },
    "unconditional": {
      "lambda_mean": 0.7474813413204646,
      "lambda_std": 0.00108416529272072,
      "survival_mean": 88.0,
      "survival_std": 7.483314773547883,
      "welfare_mean": 26.278843267091908,
      "welfare_std": 0.00910698845885419
    },
    "ippo": {
      "lambda_mean": 0.3659828934854778,
      "lambda_std": 0.0965640933008125,
      "survival_mean": 36.666666666666664,
      "survival_std": 10.274023338281626,
      "welfare_mean": 23.074256305278013,
      "welfare_std": 0.8111383837268236
    }
  },
  "full_obs": {
    "situational": {
      "lambda_mean": 0.6323561543972033,
      "lambda_std": 0.03205403543118582,
      "survival_mean": 82.0,
      "survival_std": 6.0,
      "welfare_mean": 25.31179169693651,
      "welfare_std": 0.269253897621962
    },
    "unconditional": {
      "lambda_mean": 0.7490652674948848,
      "lambda_std": 0.022444005445350013,
      "survival_mean": 84.0,
      "survival_std": 6.6332495807108,
      "welfare_mean": 26.292148246957037,
      "welfare_std": 0.1885296457409399
    },
    "ippo": {
      "lambda_mean": 0.45143385344658843,
      "lambda_std": 0.07240926144244082,
      "survival_mean": 41.666666666666664,
      "survival_std": 6.236095644623236,
      "welfare_mean": 23.79204436895134,
      "welfare_std": 0.6082377961165067
    }
  }
}