{
  "experiment": "Deep MARL 20-Seed Validation",
  "config": {
    "device": "cuda",
    "torch_version": "2.6.0+cu124",
    "n_seeds": 20,
    "fast_mode": false
  },
  "results": {
    "maccl": {
      "method": "MACCL",
      "n_seeds": 20,
      "device": "cuda",
      "survival_mean": 100.0,
      "survival_std": 0.0,
      "survival_ci95": [
        100.0,
        100.0
      ],
      "welfare_mean": 22.378859635250063,
      "welfare_std": 0.0030230672676898416,
      "welfare_ci95": [
        22.377539774033103,
        22.380190805477913
      ],
      "lambda_mean": 0.9911915196513691,
      "lambda_std": 0.0012596129251268803,
      "lambda_ci95": [
        0.990635672583377,
        0.9917580326752676
      ],
      "per_seed_survival": [
        100.0,
        100.0,
        100.0,
        100.0,
        100.0,
        100.0,
        100.0,
        100.0,
        100.0,
        100.0,
        100.0,
        100.0,
        100.0,
        100.0,
        100.0,
        100.0,
        100.0,
        100.0,
        100.0,
        100.0
      ],
      "per_seed_welfare": [
        22.384793235506326,
        22.377669971556895,
        22.37626926603771,
        22.374746383394513,
        22.379179717381795,
        22.382569702875042,
        22.380768019879838,
        22.37599410038903,
        22.37957849511646,
        22.37475299381075,
        22.38090617870149,
        22.374249943506154,
        22.380080336525328,
        22.37603948638553,
        22.37900543485369,
        22.378780105227513,
        22.37558375781572,
        22.380744861148653,
        22.382504329681396,
        22.382976385207407
      ],
      "per_seed_lambda": [
        0.9936638421501433,
        0.9906958432850386,
        0.9901122125898089,
        0.9894776852726935,
        0.991324883463837,
        0.9927373982440859,
        0.9919866753892597,
        0.9899975646280108,
        0.9914909760866846,
        0.9894804266180312,
        0.9920443085630735,
        0.9892708050523488,
        0.9917001477110954,
        0.990016421306701,
        0.9912522697931244,
        0.9911583719963118,
        0.9898265400796519,
        0.9919770644556503,
        0.9927101255740438,
        0.9929068307677906
      ],
      "trapped": false,
      "per_seed_floor_R01": [
        0.9940137267112732,
        0.9925135970115662,
        0.9925485253334045,
        0.9919770359992981,
        0.9930954575538635,
        0.9935480952262878,
        0.9934114813804626,
        0.9923203587532043,
        0.992449164390564,
        0.9919852018356323,
        0.9929037690162659,
        0.9913455247879028,
        0.9929935336112976,
        0.9921252131462097,
        0.9924631118774414,
        0.9928579330444336,
        0.9924625158309937,
        0.9935346841812134,
        0.9934372305870056,
        0.9935732483863831
      ],
      "floor_R01_mean": 0.9927779704332351
    },
    "lio": {
      "method": "LIO",
      "n_seeds": 20,
      "device": "cuda",
      "survival_mean": 54.83333333333333,
      "survival_std": 7.991314729824566,
      "survival_ci95": [
        51.499999999999986,
        58.5
      ],
      "welfare_mean": 21.218218709514254,
      "welfare_std": 0.05301403606026342,
      "welfare_ci95": [
        21.195727878178868,
        21.24265270115932
      ],
      "lambda_mean": 0.5075911271826564,
      "lambda_std": 0.02208917778284521,
      "lambda_ci95": [
        0.49830815077548457,
        0.5173885313385496
      ],
      "per_seed_survival": [
        50.0,
        53.333333333333336,
        56.666666666666664,
        50.0,
        43.333333333333336,
        66.66666666666666,
        53.333333333333336,
        46.666666666666664,
        46.666666666666664,
        66.66666666666666,
        56.666666666666664,
        66.66666666666666,
        60.0,
        46.666666666666664,
        60.0,
        70.0,
        46.666666666666664,
        60.0,
        46.666666666666664,
        50.0
      ],
      "per_seed_welfare": [
        21.234968078704107,
        21.171983355567566,
        21.368350539888656,
        21.210957579385664,
        21.19439654577346,
        21.269076045354208,
        21.235020135697862,
        21.237785584586007,
        21.13533848807925,
        21.22977113042559,
        21.24405883834476,
        21.27400066966102,
        21.216254536310828,
        21.126382160186765,
        21.24267703237988,
        21.256453557241528,
        21.181557727995376,
        21.175871281396777,
        21.18044243994213,
        21.17902846336365
      ],
      "per_seed_lambda": [
        0.5145700388138981,
        0.4883264051040722,
        0.5701460452661629,
        0.5045656519010664,
        0.4976652286281543,
        0.5287816602914106,
        0.5145917308982461,
        0.5157439871630188,
        0.4730577230032179,
        0.5124046333888103,
        0.5183578427980787,
        0.530833626017418,
        0.5067727382605274,
        0.46932590292722337,
        0.517782090985704,
        0.5235223058921595,
        0.4923157092383398,
        0.48994636232077726,
        0.49185099279995836,
        0.4912618679548835
      ],
      "trapped": true
    },
    "rnd": {
      "method": "RND_PPO",
      "n_seeds": 20,
      "device": "cuda",
      "survival_mean": 20.166666666666664,
      "survival_std": 8.658650138573693,
      "survival_ci95": [
        16.333333333333336,
        23.833333333333336
      ],
      "welfare_mean": 20.731153367076605,
      "welfare_std": 0.09735052973012419,
      "welfare_ci95": [
        20.6897424715133,
        20.774562670030765
      ],
      "lambda_mean": 0.3111625663822625,
      "lambda_std": 0.03276455679949274,
      "lambda_ci95": [
        0.2971340951844422,
        0.3260627994484928
      ],
      "per_seed_survival": [
        20.0,
        0.0,
        10.0,
        10.0,
        20.0,
        26.666666666666668,
        33.33333333333333,
        23.333333333333332,
        6.666666666666667,
        33.33333333333333,
        23.333333333333332,
        26.666666666666668,
        16.666666666666664,
        26.666666666666668,
        16.666666666666664,
        33.33333333333333,
        16.666666666666664,
        20.0,
        20.0,
        20.0
      ],
      "per_seed_welfare": [
        20.684843071301778,
        20.607137155532836,
        20.73056181271871,
        20.680318952742073,
        20.749201888129825,
        20.795431266512193,
        20.85907414527166,
        20.66636847995576,
        20.61015020098005,
        20.749236656370613,
        20.826118891579767,
        20.98229766346159,
        20.775506060464046,
        20.691245935076758,
        20.70843710218157,
        20.838023460479004,
        20.635021048500427,
        20.724840770448957,
        20.552490602220807,
        20.756762177603587
      ],
      "per_seed_lambda": [
        0.2990503791357006,
        0.27473948804070797,
        0.3184430442346175,
        0.2863613438585274,
        0.31844276361530277,
        0.34454228187383884,
        0.3578105263336451,
        0.29106815157960264,
        0.27157545670010624,
        0.32159115586343934,
        0.3305182367442348,
        0.39087389585459015,
        0.3275209014293473,
        0.30263497102486087,
        0.2932424192363301,
        0.35083808706739034,
        0.2695856087862289,
        0.30385434310106657,
        0.25511405910946344,
        0.315444214056248
      ],
      "trapped": true,