{
  "full": {
    "label": "Full g(\u03b8,R)",
    "lambda_mean": 0.8948040869585947,
    "lambda_std": 0.002190059835071707,
    "survival_mean": 97.66666666666667,
    "survival_ci95": [
      96.66666666666666,
      98.66666666666667
    ],
    "welfare_mean": 27.51635433045221
  },
  "no_crisis": {
    "label": "No crisis zone",
    "lambda_mean": 0.6138648258481793,
    "lambda_std": 0.020411099261754374,
    "survival_mean": 38.66666666666667,
    "survival_ci95": [
      34.833333333333336,
      42.16666666666667
    ],
    "welfare_mean": 25.156464537124705
  },
  "no_abundance": {
    "label": "No abundance bonus",
    "lambda_mean": 0.8881279335122165,
    "lambda_std": 0.006974131485541942,
    "survival_mean": 97.66666666666667,
    "survival_ci95": [
      96.66666666666666,
      98.66666666666667
    ],
    "welfare_mean": 27.46027464150263
  },
  "alpha_zero": {
    "label": "No smoothing (\u03b1=0)",
    "lambda_mean": 0.8998333095510802,
    "lambda_std": 0.0007264828974461541,
    "survival_mean": 99.83333333333334,
    "survival_ci95": [
      99.5,
      100.0
    ],
    "welfare_mean": 27.558599800229082
  },
  "alpha_one": {
    "label": "No adaptation (\u03b1=1)",
    "lambda_mean": 0.5,
    "lambda_std": 0.0,
    "survival_mean": 50.50000000000001,
    "survival_ci95": [
      47.16666666666667,
      53.666666666666664
    ],
    "welfare_mean": 24.200000000000003
  },
  "no_restraint": {
    "label": "No restraint cost (\u03b2=0)",
    "lambda_mean": 0.9948245824636531,
    "lambda_std": 0.0036525553595287016,
    "survival_mean": 98.66666666666667,
    "survival_ci95": [
      97.83333333333333,
      99.5
    ],
    "welfare_mean": 28.35652649269469
  }
}