{
  "phase_a_hp_sweep": {
    "lr=3e-04_ent=0.01": {
      "lr": 0.00025,
      "entropy": 0.01,
      "lambda_mean": 0.49572499490942706,
      "lambda_std": 0.03329241618740069,
      "survival_mean": 51.666666666666664,
      "trapped": true
    }
  },
  "phase_b_ablation": {
    "full": {
      "label": "Full g(\u03b8,R)",
      "lambda": 0.8917393849763107,
      "lambda_std": 0.004704820863137227,
      "survival": 95.5,
      "survival_std": 4.716990566028302,
      "welfare": 27.49061083380102,
      "welfare_std": 0.039520495250352415
    },
    "no_crisis": {
      "label": "No crisis zone",
      "lambda": 0.6051185711039395,
      "lambda_std": 0.024644070621227226,
      "survival": 38.5,
      "survival_std": 9.500000000000002,
      "welfare": 25.082995997273095,
      "welfare_std": 0.2070101932183076
    },
    "no_abundance": {
      "label": "No abundance bonus",
      "lambda": 0.8709439239079695,
      "lambda_std": 0.02578269397447998,
      "survival": 94.5,
      "survival_std": 5.678908345800274,
      "welfare": 27.315928960826948,
      "welfare_std": 0.21657462938563127
    },
    "alpha_zero": {
      "label": "No smoothing (\u03b1=0)",
      "lambda": 0.899499976336956,
      "lambda_std": 0.0014999994635582104,
      "survival": 99.5,
      "survival_std": 1.5,
      "welfare": 27.55579980123043,
      "welfare_std": 0.012599995493888728
    },
    "alpha_one": {
      "label": "No adaptation (\u03b1=1)",
      "lambda": 0.5,
      "lambda_std": 0.0,
      "survival": 52.0,
      "survival_std": 8.426149773176359,
      "welfare": 24.199999999999996,
      "welfare_std": 0.0
    },
    "no_restraint": {
      "label": "No restraint (\u03b2=0)",
      "lambda": 0.9927706593309955,
      "lambda_std": 0.006227432053417979,
      "survival": 98.5,
      "survival_std": 2.29128784747792,
      "welfare": 28.33927353838036,
      "welfare_std": 0.05231042924871045
    }
  },
  "phase_d_lola": {
    "2": {
      "N": 2,
      "grad_norm": 0.19344707151454618,
      "lola_correction": 0.00012652065956256128,
      "ratio": 0.000654032436400281,
      "diverges": false
    },
    "5": {
      "N": 5,
      "grad_norm": 0.6773788286058184,
      "lola_correction": 0.0002835377445555515,
      "ratio": 0.0004185807594507655,
      "diverges": false
    },
    "10": {
      "N": 10,
      "grad_norm": 0.8386894143029092,
      "lola_correction": 0.00019747082926915627,
      "ratio": 0.00023545167719774107,
      "diverges": false
    },
    "20": {
      "N": 20,
      "grad_norm": 0.9193447071514547,
      "lola_correction": 0.00011424343921395072,
      "ratio": 0.00012426616296677434,
      "diverges": false
    },
    "50": {
      "N": 50,
      "grad_norm": 0.9677378828605818,
      "lola_correction": 4.962186610706522e-05,
      "ratio": 5.1276143034990016e-05,
      "diverges": false
    },
    "100": {
      "N": 100,
      "grad_norm": 0.9838689414302909,
      "lola_correction": 2.5481895167316394e-05,
      "ratio": 2.5899684492207205e-05,
      "diverges": false
    },
    "trajectory_final": 0.0
  }
}