{
  "experiment": "Phase 0 Statistical Analysis",
  "config": {
    "N_agents": 20,
    "N_seeds": 20,
    "N_episodes": 300,
    "N_eval": 30,
    "N_bootstrap": 10000,
    "Byz_frac": 0.3,
    "M": 1.6,
    "R_crit": 0.15
  },
  "algorithm_results": {
    "reinforce_linear": {
      "label": "Ind. REINFORCE Linear",
      "lambda": {
        "mean": 0.061284957941167985,
        "std": 0.001039509313963491,
        "ci95_lo": 0.060820780807714324,
        "ci95_hi": 0.06171938847660176
      },
      "survival": {
        "mean": 9.166666666666668,
        "std": 4.699290726623894,
        "ci95_lo": 7.166666666666666,
        "ci95_hi": 11.166666666666668
      },
      "welfare": {
        "mean": 267.09789399266435,
        "std": 19.787477567150898,
        "ci95_lo": 258.0943711752162,
        "ci95_hi": 275.48931080075886
      },
      "time_seconds": 38.301774978637695
    },
    "reinforce_mlp": {
      "label": "Ind. REINFORCE MLP",
      "lambda": {
        "mean": 0.060728082885978016,
        "std": 0.0009624363480590771,
        "ci95_lo": 0.0603075829442273,
        "ci95_hi": 0.06114921560983512
      },
      "survival": {
        "mean": 8.5,
        "std": 4.769696007084727,
        "ci95_lo": 6.333333333333334,
        "ci95_hi": 10.500000000000002
      },
      "welfare": {
        "mean": 264.16024746238134,
        "std": 24.079326807243447,
        "ci95_lo": 253.2859093580396,
        "ci95_hi": 274.36943085657066
      },
      "time_seconds": 61.37356638908386
    },
    "ippo": {
      "label": "IPPO-style",
      "lambda": {
        "mean": 0.0629910203914999,
        "std": 0.0008860328967003481,
        "ci95_lo": 0.06259460835010797,
        "ci95_hi": 0.06337083421465434
      },
      "survival": {
        "mean": 8.5,
        "std": 4.884783629917615,
        "ci95_lo": 6.333333333333333,
        "ci95_hi": 10.666666666666668
      },
      "welfare": {
        "mean": 267.0518026882786,
        "std": 23.755340448944853,
        "ci95_lo": 256.3656581157638,
        "ci95_hi": 277.2451913093549
      },
      "time_seconds": 97.65287637710571
    },
    "mappo": {
      "label": "MAPPO-style",
      "lambda": {
        "mean": 0.0629910203914999,
        "std": 0.0008860328967003481,
        "ci95_lo": 0.06259610286599725,
        "ci95_hi": 0.06338085173896307
      },
      "survival": {
        "mean": 8.5,
        "std": 4.884783629917615,
        "ci95_lo": 6.333333333333334,
        "ci95_hi": 10.666666666666668
      },
      "welfare": {
        "mean": 267.0518026882786,
        "std": 23.755340448944853,
        "ci95_lo": 256.43038945491116,
        "ci95_hi": 277.52578257787263
      },
      "time_seconds": 95.81302213668823
    }
  },
  "per_seed_data": {
    "reinforce_linear": {
      "lambda": [
        0.06243858381308054,
        0.06171660719078375,
        0.06019765645282352,
        0.05995578827926292,
        0.06163073383703933,
        0.05954880749825609,
        0.06114915509419113,
        0.062481068712928974,
        0.059316152568646204,
        0.06205365917254083,
        0.06037768911047714,
        0.0600830015996334,
        0.06209825042093307,
        0.06226001509634164,
        0.06111566044150444,
        0.06085451663491827,
        0.06300413942187534,
        0.06175125954048859,
        0.06217037809864733,
        0.061496035838987
      ],
      "survival": [
        6.666666666666667,
        6.666666666666667,
        16.666666666666664,
        6.666666666666667,
        13.333333333333334,
        10.0,
        13.333333333333334,
        6.666666666666667,
        10.0,
        3.3333333333333335,
        16.666666666666664,
        0.0,
        6.666666666666667,
        3.3333333333333335,
        10.0,
        10.0,
        3.3333333333333335,
        13.333333333333334,
        16.666666666666664,
        10.0
      ],
      "welfare": [
        285.78556804840144,
        275.35308078431837,
        278.326393402777,
        245.76155873968892,
        286.09356099989714,
        296.1210605581186,
        270.64011664478295,
        280.38870414877937,
        238.35469042793227,
        238.09868262477144,
        293.44629494946184,
        225.95674264616594,
        242.12390843619005,
        263.6217366750249,
        250.81240092663344,
        278.6930647097704,
        265.3152999533448,
        279.04591635116503,
        266.6293445581261,
        281.38975426793706
      ]
    },
    "reinforce_mlp": {
      "lambda": [
        0.060934614563861504,
        0.060792489985875546,
        0.06002997737323119,
        0.05991589258605153,
        0.06017088971347932,
        0.05873479611862673,
        0.062068554188261606,
        0.06254065506516768,
        0.05966545865048908,
        0.061487575531332876,
        0.06019309256731801,
        0.060015499215282965,
        0.06100068350693657,
        0.06170067915166926,
        0.05986779563478915,
        0.059976170288141825,
        0.06190244777029775,
        0.06180465156620549,
        0.061407128065842614,
        0.0603526061766997
      ],
      "survival": [
        3.3333333333333335,
        10.0,
        16.666666666666664,
        3.3333333333333335,
        10.0,
        6.666666666666667,
        13.333333333333334,
        10.0,
        6.666666666666667,
        0.0,
        13.333333333333334,
        3.3333333333333335,
        6.666666666666667,
        0.0,
        10.0,
        10.0,
        6.666666666666667,
        16.666666666666664,
        13.333333333333334,
        10.0
      ],
      "welfare": [
        284.7357817614491,
        279.0251497174685,
        272.2787255759036,
        248.09747244685093,
        273.6261675994359,
        275.27987255900666,
        254.54110286510277,
        284.76163196603824,
        213.18035932390143,
        219.6106011466722,
        302.17081839372986,
        229.9843034821953,
        257.18791851559376,
        246.14803151564908,
        261.19908793628593,
        285.0474212194884,
        269.9789289289501,
        301.5408564111111,
        247.47210957828122,
        277.3386083045128
      ]
    },
    "ippo": {
      "lambda": [
        0.06326677128636972,
        0.06285135425159223,
        0.06277353484113145,
        0.0624894431092671,
        0.0623487209944005,
        0.060807002935812614,
        0.0642085756422671,
        0.06383642600997205,
        0.062005994850469856,
        0.06389100510453517,
        0.06312539384864861,
        0.06223768333739651,
        0.06290706630689714,
        0.06364839514862342,
        0.062425159353858534,
        0.06211149868897919,
        0.06461963230888736,
        0.06409920613262213,
        0.06333931335272704,
        0.06282823032554016
      ],
      "survival": [
        3.3333333333333335,
        10.0,
        13.333333333333334,
        0.0,
        13.333333333333334,
        6.666666666666667,
        13.333333333333334,
        13.333333333333334,
        6.666666666666667,
        3.3333333333333335,
        13.333333333333334,
        3.3333333333333335,
        6.666666666666667,
        0.0,
        13.333333333333334,
        10.0,
        3.3333333333333335,
        16.666666666666664,
        10.0,
        10.0
      ],
      "welfare": [
        300.93666323133016,
        279.42957769181953,
        259.26771141922933,
        241.79048127252474,
        290.4902476045659,
        275.3489414681083,
        261.3234334613925,
        292.20104285606254,
        218.94262244945224,
        238.807885517258,
        307.6367514814279,
        228.36251264497656,
        256.2408292297477,
        244.86611534773917,
        265.3073925293831,
        276.72211665575367,
        268.38365568550404,
        299.26550114709414,
        268.0310080936844,
        267.68156397851806
      ]
    },