{
  "experiment": "PyTorch REINFORCE Nash Trap Verification",
  "config": {
    "N_AGENTS": 20,
    "BYZ_FRAC": 0.3,
    "M_OVER_N": 0.08,
    "N_SEEDS": 20,
    "N_EPISODES": 300,
    "T_HORIZON": 50,
    "GAMMA": 0.99,
    "LR": 0.0003,
    "DEVICE": "cpu",
    "framework": "PyTorch",
    "torch_version": "2.6.0+cu124",
    "distribution": "Beta(alpha, beta)",
    "optimizer": "Adam",
    "grad_clip": 0.5
  },
  "results": {
    "PyTorch Linear": {
      "params_per_agent": 10,
      "lambda_mean": 0.4968184242763455,
      "lambda_std": 0.023613100715829526,
      "survival_mean": 48.0,
      "survival_std": 11.323525167642018,
      "trapped": true,
      "per_seed_lambda": [
        0.5245654218155342,
        0.5428432652196744,
        0.5215633724009823,
        0.48542104105403644,
        0.45883246084024576,
        0.48480411183899014,
        0.47779985348232545,
        0.48547540410433515,
        0.5020122391174375,
        0.46676102055927127,
        0.510198176557312,
        0.5172227050006388,
        0.5256429280953181,
        0.4809275010164311,
        0.48751235467724435,
        0.4841399601543109,
        0.5244783719906049,
        0.4791293092737291,
        0.5147045193461989,
        0.4623344689822891
      ],
      "per_seed_survival": [
        46.666666666666664,
        50.0,
        43.333333333333336,
        56.666666666666664,
        33.33333333333333,
        20.0,
        33.33333333333333,
        50.0,
        63.33333333333333,
        46.666666666666664,
        60.0,
        50.0,
        46.666666666666664,
        43.333333333333336,
        53.333333333333336,
        43.333333333333336,
        73.33333333333333,
        56.666666666666664,
        40.0,
        50.0
      ]
    },
    "PyTorch MLP (32h)": {
      "params_per_agent": 1282,
      "lambda_mean": 0.48212846473962934,
      "lambda_std": 0.0107638024158925,
      "survival_mean": 45.16666666666667,
      "survival_std": 11.079259903080168,
      "trapped": true,
      "per_seed_lambda": [
        0.47251428670825274,
        0.4871034726333441,
        0.49502384208427763,
        0.5025061936209275,
        0.48641414983014364,
        0.4734810940124984,
        0.473906163692628,
        0.47010556157618294,
        0.48498204499100245,
        0.47377819594127135,
        0.4691639825375693,
        0.4655088112218107,
        0.4730196457233172,
        0.47512944438721677,
        0.4975915488447816,
        0.49281369843181666,
        0.49024044382115683,
        0.4753557913042144,
        0.49143744476475804,
        0.4924934786654171
      ],
      "per_seed_survival": [
        40.0,
        33.33333333333333,
        40.0,
        56.666666666666664,
        36.666666666666664,
        13.333333333333334,
        30.0,
        50.0,
        56.666666666666664,
        56.666666666666664,
        53.333333333333336,
        43.333333333333336,
        40.0,
        46.666666666666664,
        53.333333333333336,
        50.0,
        60.0,
        53.333333333333336,
        40.0,
        50.0
      ]
    },
    "PyTorch MLP+Critic (32h)": {
      "params_per_agent": 1475,
      "lambda_mean": 0.47962866429186624,
      "lambda_std": 0.012574117882165803,
      "survival_mean": 43.833333333333336,
      "survival_std": 10.968388922515265,
      "trapped": true,
      "per_seed_lambda": [
        0.47597037765621214,
        0.4644856970170053,
        0.48753467953026913,
        0.48564406461763715,
        0.46517411514160745,
        0.467614263822779,
        0.46696564366831617,
        0.48887402048596657,
        0.4995612287767386,
        0.4726968877339925,
        0.47631036097973395,
        0.496446697968366,
        0.5051507232526278,
        0.4599420427309783,
        0.4674282713668866,
        0.4762733847288175,
        0.48498644305127575,
        0.49022597742066587,
        0.4890211381644019,
        0.47226726772304684
      ],
      "per_seed_survival": [
        43.333333333333336,
        30.0,
        40.0,
        50.0,
        33.33333333333333,
        13.333333333333334,
        30.0,
        50.0,
        60.0,
        53.333333333333336,
        50.0,
        50.0,
        43.333333333333336,
        36.666666666666664,
        53.333333333333336,
        40.0,
        53.333333333333336,
        56.666666666666664,
        40.0,
        50.0
      ]
    }
  },
  "time_seconds": 5272.477871417999
}