{
  "experiment": "PyTorch REINFORCE Nash Trap Verification",
  "config": {
    "N_AGENTS": 20,
    "BYZ_FRAC": 0.3,
    "M_OVER_N": 0.08,
    "N_SEEDS": 20,
    "N_EPISODES": 300,
    "T_HORIZON": 50,
    "GAMMA": 0.99,
    "LR": 0.0003,
    "DEVICE": "cpu",
    "framework": "PyTorch",
    "torch_version": "2.6.0+cu124",
    "distribution": "Beta(alpha,beta) + Sigmoid+Normal",
    "optimizer": "Adam",
    "grad_clip": 0.5
  },
  "results": {
    "PyTorch Linear": {
      "params_per_agent": 10,
      "lambda_mean": 0.4968184244114993,
      "lambda_std": 0.023613100550922354,
      "survival_mean": 48.0,
      "survival_std": 11.323525167642018,
      "trapped": true,
      "per_seed_lambda": [
        0.5245654210142905,
        0.5428432663241726,
        0.5215633718552775,
        0.4854210423264244,
        0.45883246303081404,
        0.4848041111420408,
        0.4777998536557417,
        0.4854754032424243,
        0.5020122399724803,
        0.4667610208456183,
        0.5101981761292398,
        0.5172227046471906,
        0.5256429274680297,
        0.48092750049541794,
        0.4875123547726043,
        0.4841399594197976,
        0.5244783725963218,
        0.4791293106790601,
        0.5147045198480545,
        0.46233446876498674
      ],
      "per_seed_survival": [
        46.666666666666664,
        50.0,
        43.333333333333336,
        56.666666666666664,
        33.33333333333333,
        20.0,
        33.33333333333333,
        50.0,
        63.33333333333333,
        46.666666666666664,
        60.0,
        50.0,
        46.666666666666664,
        43.333333333333336,
        53.333333333333336,
        43.333333333333336,
        73.33333333333333,
        56.666666666666664,
        40.0,
        50.0
      ]
    },
    "PyTorch MLP (32h)": {
      "params_per_agent": 1282,
      "lambda_mean": 0.48212866224439466,
      "lambda_std": 0.010763664235515322,
      "survival_mean": 45.16666666666667,
      "survival_std": 11.079259903080168,
      "trapped": true,
      "per_seed_lambda": [
        0.472514289075927,
        0.4871034727178153,
        0.49502384107785224,
        0.5025061940531347,
        0.48641414962973467,
        0.4734810922971788,
        0.4739061642231703,
        0.47010556586571267,
        0.48498202556888137,
        0.47377921879120327,
        0.4691640421176828,
        0.4655088121844643,
        0.4730196473817472,
        0.4751323343134437,
        0.4975915532699159,
        0.4928136992837688,
        0.4902404280287143,
        0.4753557918628872,
        0.4914374434124747,
        0.4924934797321863
      ],
      "per_seed_survival": [
        40.0,
        33.33333333333333,
        40.0,
        56.666666666666664,
        36.666666666666664,
        13.333333333333334,
        30.0,
        50.0,
        56.666666666666664,
        56.666666666666664,
        53.333333333333336,
        43.333333333333336,
        40.0,
        46.666666666666664,
        53.333333333333336,
        50.0,
        60.0,
        53.333333333333336,
        40.0,
        50.0
      ]
    },
    "PyTorch MLP+Critic (32h)": {
      "params_per_agent": 1475,
      "lambda_mean": 0.4796286584163857,
      "lambda_std": 0.012574122598930933,
      "survival_mean": 43.833333333333336,
      "survival_std": 10.968388922515265,
      "trapped": true,
      "per_seed_lambda": [
        0.47597037764821937,
        0.46448569823734753,
        0.48753467778639725,
        0.4856440654368194,
        0.46517411583269386,
        0.4676141287024476,
        0.4669656447582307,
        0.48887402027302423,
        0.4995612286667405,
        0.472696886018727,
        0.47631036074322924,
        0.49644669986996665,
        0.5051507244962419,
        0.45994206840426877,
        0.46742827187663527,
        0.47627337272658793,
        0.4849864414975918,
        0.49022597965454034,
        0.4890211379421447,
        0.47226726775586114
      ],
      "per_seed_survival": [
        43.333333333333336,
        30.0,
        40.0,
        50.0,
        33.33333333333333,
        13.333333333333334,
        30.0,
        50.0,
        60.0,
        53.333333333333336,
        50.0,
        50.0,
        43.333333333333336,
        36.666666666666664,
        53.333333333333336,
        40.0,
        53.333333333333336,
        56.666666666666664,
        40.0,
        50.0
      ]
    },
    "PyTorch Sigmoid MLP (32h)": {
      "params_per_agent": 1250,
      "lambda_mean": 0.48559749279231806,
      "lambda_std": 0.008931986511030913,
      "survival_mean": 46.666666666666664,
      "survival_std": 10.274023338281626,
      "trapped": true,
      "per_seed_lambda": [
        0.4820164446361187,
        0.47889311112846916,
        0.48652019028998805,
        0.4711441497158402,
        0.49233179578007835,
        0.47048090618998206,
        0.49617521753082144,
        0.4737335326896066,
        0.47209593166919767,
        0.4835056842067484,
        0.49643576401363093,
        0.49195217720904993,
        0.49086554785113096,
        0.4978066142273912,
        0.49644734270352103,
        0.4907637756542877,
        0.49441944816091354,
        0.4793074605067869,
        0.48130523856302265,
        0.485749523119775
      ],
      "per_seed_survival": [
        46.666666666666664,
        33.33333333333333,
        40.0,
        46.666666666666664,
        40.0,
        16.666666666666664,
        43.333333333333336,
        46.666666666666664,
        53.333333333333336,
        60.0,
        60.0,
        50.0,
        40.0,
        46.666666666666664,
        53.333333333333336,
        50.0,
        63.33333333333333,
        56.666666666666664,
        40.0,
        46.666666666666664
      ]
    }
  },
  "time_seconds": 5432.992763519287
}