{
  "results": [
    {
      "name": "Selfish RL",
      "mean_lam": 0.4998853432190172,
      "survival": 0.0,
      "welfare": 12.196026811975722
    },
    {
      "name": "Free-riding",
      "mean_lam": 0.0,
      "survival": 0.0,
      "welfare": 10.0,
      "final_R": 0.0070621470884920075
    },
    {
      "name": "Situational",
      "mean_lam": 0.42349204580498706,
      "survival": 0.013333333333333334,
      "welfare": 11.863365001541943,
      "final_R": 0.007230385015052357
    },
    {
      "name": "Unconditional",
      "mean_lam": 1.0,
      "survival": 0.3466666666666667,
      "welfare": 14.400000000000006,
      "final_R": 0.011858046503180283
    }
  ],
  "time_seconds": 127.0372109413147,
  "grid_size": 5,
  "n_agents": 15
}