{
  "experiment": "Initialization Sweep \u2014 Basin Boundary",
  "config": {
    "N": 20,
    "BYZ": 0.3,
    "SEEDS": 20,
    "EPS": 300,
    "N_SEEDS": 20,
    "N_EPISODES": 300
  },
  "results": {
    "0.10": {
      "init_lambda": 0.1,
      "final_lambda_mean": 0.10028383233896872,
      "final_lambda_std": 0.0009182259696588289,
      "survival_pct": 9.5,
      "trap_rate_pct": 100.0
    },
    "0.30": {
      "init_lambda": 0.3,
      "final_lambda_mean": 0.2946309967031723,
      "final_lambda_std": 0.0005688160292323873,
      "survival_pct": 15.166666666666666,
      "trap_rate_pct": 100.0
    },
    "0.50": {
      "init_lambda": 0.5,
      "final_lambda_mean": 0.4937704575709869,
      "final_lambda_std": 0.00044042559509873313,
      "survival_pct": 50.0,
      "trap_rate_pct": 100.0
    },
    "0.70": {
      "init_lambda": 0.7,
      "final_lambda_mean": 0.6945460489110337,
      "final_lambda_std": 0.0002947007952734106,
      "survival_pct": 94.66666666666667,
      "trap_rate_pct": 0.0
    },
    "0.85": {
      "init_lambda": 0.85,
      "final_lambda_mean": 0.8466650081855842,
      "final_lambda_std": 0.0001887357773224221,
      "survival_pct": 99.16666666666667,
      "trap_rate_pct": 0.0
    },
    "0.90": {
      "init_lambda": 0.9,
      "final_lambda_mean": 0.8976337658716671,
      "final_lambda_std": 0.0001813264691757748,
      "survival_pct": 99.16666666666667,
      "trap_rate_pct": 0.0
    },
    "0.95": {
      "init_lambda": 0.95,
      "final_lambda_mean": 0.9486859549070779,
      "final_lambda_std": 0.00023122033044347922,
      "survival_pct": 99.50000000000001,
      "trap_rate_pct": 0.0
    },
    "1.00": {
      "init_lambda": 1.0,
      "final_lambda_mean": 0.9881650457292933,
      "final_lambda_std": 0.0002900263868566665,
      "survival_pct": 99.66666666666667,
      "trap_rate_pct": 0.0
    }
  },
  "basin_boundary": 0.7,
  "time_seconds": 268.829035282135
}