{
  "experiment": "Coin Game TPSD Deep MARL Validation",
  "reference": "Lerer & Peysakhovich 2017, adapted with TPSD dynamics",
  "config": {
    "device": "cuda",
    "torch_version": "2.6.0+cu124"
  },
  "selfish": {
    "method": "Selfish PPO",
    "n_seeds": 10,
    "survival_mean": 23.333333333333332,
    "survival_std": 4.714045207910317,
    "survival_ci95": [
      20.333333333333336,
      26.333333333333332
    ],
    "welfare_mean": -3.5583333333333336,
    "welfare_std": 0.2751009915568382,
    "welfare_ci95": [
      -3.725,
      -3.388333333333333
    ],
    "per_seed_survival": [
      23.333333333333332,
      30.0,
      26.666666666666668,
      23.333333333333332,
      30.0,
      16.666666666666664,
      20.0,
      20.0,
      16.666666666666664,
      26.666666666666668
    ],
    "per_seed_welfare": [
      -3.5166666666666666,
      -3.15,
      -3.4833333333333334,
      -3.4833333333333334,
      -3.1166666666666667,
      -3.966666666666667,
      -3.8,
      -3.6,
      -3.95,
      -3.5166666666666666
    ]
  },
  "maccl": {
    "method": "MACCL",
    "n_seeds": 10,
    "survival_mean": 76.00000000000001,
    "survival_std": 3.8873012632302038,
    "survival_ci95": [
      73.66666666666667,
      78.66666666666666
    ],
    "welfare_mean": -1.0866666666666664,
    "welfare_std": 0.1926136028425822,
    "welfare_ci95": [
      -1.2066666666666666,
      -0.9682916666666671
    ],
    "per_seed_survival": [
      73.33333333333333,
      73.33333333333333,
      76.66666666666667,
      80.0,
      73.33333333333333,
      76.66666666666667,
      83.33333333333334,
      70.0,
      73.33333333333333,
      80.0
    ],
    "per_seed_welfare": [
      -1.2166666666666666,
      -1.3666666666666667,
      -0.8166666666666667,
      -1.0333333333333334,
      -1.1833333333333333,
      -0.9833333333333333,
      -0.8666666666666667,
      -1.3833333333333333,
      -1.1333333333333333,
      -0.8833333333333333
    ]
  },
  "total_time_seconds": 3008.288849592209
}