{
  "experiment": "Coin Game TPSD Deep MARL Validation",
  "reference": "Lerer & Peysakhovich 2017, adapted with TPSD dynamics",
  "config": {
    "device": "cuda",
    "torch_version": "2.6.0+cu124"
  },
  "selfish": {
    "method": "Selfish PPO",
    "n_seeds": 1,
    "survival_mean": 23.333333333333332,
    "survival_std": 0.0,
    "survival_ci95": [
      23.333333333333332,
      23.333333333333332
    ],
    "welfare_mean": -3.5166666666666666,
    "welfare_std": 0.0,
    "welfare_ci95": [
      -3.5166666666666666,
      -3.5166666666666666
    ],
    "per_seed_survival": [
      23.333333333333332
    ],
    "per_seed_welfare": [
      -3.5166666666666666
    ]
  },
  "maccl": {
    "method": "MACCL",
    "n_seeds": 1,
    "survival_mean": 73.33333333333333,
    "survival_std": 0.0,
    "survival_ci95": [
      73.33333333333333,
      73.33333333333333
    ],
    "welfare_mean": -1.2166666666666666,
    "welfare_std": 0.0,
    "welfare_ci95": [
      -1.2166666666666666,
      -1.2166666666666666
    ],
    "per_seed_survival": [
      73.33333333333333
    ],
    "per_seed_welfare": [
      -1.2166666666666666
    ]
  },
  "total_time_seconds": 242.96347880363464
}