{
  "experiment": "N=100 Scale Validation (PyTorch Deep MARL)",
  "config": {
    "n_agents": 100,
    "byz_frac": 0.3,
    "device": "cuda",
    "torch_version": "2.6.0+cu124"
  },
  "selfish": {
    "method": "Selfish REINFORCE",
    "n_agents": 100,
    "byz_frac": 0.3,
    "n_seeds": 10,
    "survival_mean": 0.0,
    "survival_std": 0.0,
    "survival_ci95": [
      0.0,
      0.0
    ],
    "lambda_mean": 0.006404212552815,
    "lambda_std": 0.00024781659793994326,
    "lambda_ci95": [
      0.006248265800788398,
      0.006558438186657858
    ],
    "welfare_mean": 20.01525217474075,
    "welfare_std": 0.0006848856932740326,
    "welfare_ci95": [
      20.014828260637465,
      20.01567142730895
    ],
    "per_seed_survival": [
      0.0,
      0.0,
      0.0,
      0.0,
      0.0,
      0.0,
      0.0,
      0.0,
      0.0,
      0.0
    ],
    "per_seed_lambda": [
      0.006240446770086681,
      0.006166961038167029,
      0.006569016709293733,
      0.006536337144429699,
      0.006444600408773751,
      0.006084347089405511,
      0.006697878595973548,
      0.0064329086567379585,
      0.006051718902893259,
      0.006817910212388829
    ],
    "per_seed_welfare": [
      20.01463369006202,
      20.014779812949044,
      20.015798239935013,
      20.015870091574538,
      20.01563914889381,
      20.014216068812782,
      20.01612094334194,
      20.014985376993813,
      20.014415936242965,
      20.016062438601537
    ]
  },
  "maccl": {
    "method": "MACCL",
    "n_agents": 100,
    "byz_frac": 0.3,
    "n_seeds": 10,
    "survival_mean": 100.0,
    "survival_std": 0.0,
    "survival_ci95": [
      100.0,
      100.0
    ],
    "lambda_mean": 0.9928309254922058,
    "lambda_std": 0.0006609010692529235,
    "lambda_ci95": [
      0.9924075184695933,
      0.9932246635126372
    ],
    "welfare_mean": 22.382469745726816,
    "welfare_std": 0.0018985781536788437,
    "welfare_ci95": [
      22.381257404595328,
      22.38361635746956
    ],
    "per_seed_survival": [
      100.0,
      100.0,
      100.0,
      100.0,
      100.0,
      100.0,
      100.0,
      100.0,
      100.0,
      100.0
    ],
    "per_seed_lambda": [
      0.9936299350738526,
      0.9924056838063966,
      0.9918005244709196,
      0.9932275135375205,
      0.9931704408316386,
      0.9934494928388368,
      0.9928216381940242,
      0.9924957917883279,
      0.9935642896067528,
      0.9917439447737875
    ],
    "per_seed_welfare": [
      22.384746343521847,
      22.38131268819173,
      22.379384652092348,
      22.383592310405916,
      22.38341709681919,
      22.384218658265613,
      22.382517028081985,
      22.381574316478908,
      22.384563430604484,
      22.379370932806108
    ]
  },
  "total_time_seconds": 26628.5350356102
}