{
  "experiment": "CPR Cross-Environment Validation",
  "environment": "Common-Pool Resource (Appropriation)",
  "comparison": "PGG (Provision)",
  "structural_differences": [
    "PGG: agents contribute; CPR: agents extract",
    "PGG: free-riding = not contributing; CPR: free-riding = over-extracting",
    "PGG: lambda = commitment to contribute; CPR: lambda = restraint from extracting"
  ],
  "results": {
    "Selfish RL": {
      "label": "Selfish RL",
      "commitment_type": "selfish",
      "lambda": {
        "mean": 0.4876758409933936,
        "std": 0.0021976810479606905,
        "ci95": [
          0.4867038395980465,
          0.48861837879132836
        ]
      },
      "survival": {
        "mean": 9.333333333333332,
        "std": 4.898979485566356,
        "ci95": [
          7.166666666666667,
          11.5
        ]
      },
      "welfare": {
        "mean": 0.02654716177365468,
        "std": 0.0003820005301830538
      },
      "per_seed_lambda": [
        0.4874783642851328,
        0.48753490874569216,
        0.48627398479025385,
        0.49025752232054853,
        0.4844610146664675,
        0.4864191555249081,
        0.4869277216137508,
        0.48914364737644667,
        0.4826185392674629,
        0.48590914290143544,
        0.4898173005631948,
        0.4871121285524371,
        0.4888322674744492,
        0.49086078717226267,
        0.48951324054575973,
        0.4861328965154821,
        0.4870209871715474,
        0.4888490243636631,
        0.48633749569105833,
        0.49201669032591866
      ],
      "per_seed_survival": [
        6.666666666666667,
        10.0,
        16.666666666666664,
        6.666666666666667,
        16.666666666666664,
        10.0,
        3.3333333333333335,
        3.3333333333333335,
        6.666666666666667,
        10.0,
        0.0,
        13.333333333333334,
        6.666666666666667,
        13.333333333333334,
        13.333333333333334,
        20.0,
        6.666666666666667,
        6.666666666666667,
        10.0,
        6.666666666666667
      ]
    },
    "Situational": {
      "label": "Situational",
      "commitment_type": "situational",
      "lambda": {
        "mean": 0.21607760112569707,
        "std": 0.0007656425029161023,
        "ci95": [
          0.2157593361290639,
          0.21641878285219168
        ]
      },
      "survival": {
        "mean": 6.5,
        "std": 4.010403138505321,
        "ci95": [
          4.666666666666667,
          8.166666666666668
        ]
      },
      "welfare": {
        "mean": 4.2342063137693447e-26,
        "std": 2.6037355024368936e-26
      },
      "per_seed_lambda": [
        0.21520682726985674,
        0.21584335726312312,
        0.21520682726985674,
        0.21647988725638947,
        0.21711641724965589,
        0.21584335726312312,
        0.21627620590906363,
        0.21775294724292227,
        0.21584335726312312,
        0.21584335726312312,
        0.2164798872563895,
        0.21584335726312312,
        0.21520682726985674,
        0.21584335726312312,
        0.21584335726312312,
        0.21584335726312312,
        0.21520682726985674,
        0.21711641724965589,
        0.21754926589559637,
        0.21520682726985674
      ],
      "per_seed_survival": [
        10.0,
        10.0,
        6.666666666666667,
        0.0,
        0.0,
        6.666666666666667,
        10.0,
        6.666666666666667,
        0.0,
        6.666666666666667,
        13.333333333333334,
        0.0,
        10.0,
        6.666666666666667,
        10.0,
        6.666666666666667,
        3.3333333333333335,
        10.0,
        3.3333333333333335,
        10.0
      ]
    },
    "Unconditional": {
      "label": "Unconditional",
      "commitment_type": "unconditional",
      "lambda": {
        "mean": 1.0,
        "std": 0.0,
        "ci95": [
          1.0,
          1.0
        ]
      },
      "survival": {
        "mean": 45.99999999999999,
        "std": 8.0,
        "ci95": [
          42.333333333333336,
          49.499999999999986
        ]
      },
      "welfare": {
        "mean": 0.0,
        "std": 0.0
      },
      "per_seed_lambda": [
        1.0,
        1.0,
        1.0,
        1.0,
        1.0,
        1.0,
        1.0,
        1.0,
        1.0,
        1.0,
        1.0,
        1.0,
        1.0,
        1.0,
        1.0,
        1.0,
        1.0,
        1.0,
        1.0,
        1.0
      ],
      "per_seed_survival": [
        43.333333333333336,
        43.333333333333336,
        53.333333333333336,
        53.333333333333336,
        40.0,
        46.666666666666664,
        46.666666666666664,
        56.666666666666664,
        46.666666666666664,
        40.0,
        40.0,
        50.0,
        53.333333333333336,
        26.666666666666668,
        46.666666666666664,
        43.333333333333336,
        56.666666666666664,
        36.666666666666664,
        60.0,
        36.666666666666664
      ]
    },
    "Fixed lambda=0.5": {
      "label": "Fixed lambda=0.5",
      "commitment_type": "fixed_50",
      "lambda": {
        "mean": 0.5,
        "std": 0.0,
        "ci95": [
          0.5,
          0.5
        ]
      },
      "survival": {
        "mean": 8.499999999999998,
        "std": 4.146618434874909,
        "ci95": [
          6.666666666666667,
          10.333333333333332
        ]
      },
      "welfare": {
        "mean": 2.0320148239922765e-18,
        "std": 1.0761878544982701e-18
      },
      "per_seed_lambda": [
        0.5,
        0.5,
        0.5,
        0.5,
        0.5,
        0.5,
        0.5,
        0.5,
        0.5,
        0.5,
        0.5,
        0.5,
        0.5,
        0.5,
        0.5,
        0.5,
        0.5,
        0.5,
        0.5,
        0.5
      ],
      "per_seed_survival": [
        16.666666666666664,
        6.666666666666667,
        10.0,
        3.3333333333333335,
        0.0,
        3.3333333333333335,
        6.666666666666667,
        10.0,
        6.666666666666667,
        16.666666666666664,
        10.0,
        6.666666666666667,
        10.0,
        13.333333333333334,
        13.333333333333334,
        6.666666666666667,
        6.666666666666667,
        6.666666666666667,
        6.666666666666667,
        10.0
      ]
    }
  },
  "spectrum_validation": {
    "spectrum_pattern_holds": false,
    "situational_fails_in_crisis": true,
    "conclusion": "Partial spectrum validation: pattern requires further investigation."
  }
}