{
  "CleanRL IPPO": {
    "label": "CleanRL IPPO",
    "params_per_agent": 4546,
    "lambda": {
      "mean": 0.4115006670554669,
      "std": 0.08011534014111579,
      "ci95": [
        0.3774126798477962,
        0.44629086050804784
      ]
    },
    "survival": {
      "mean": 38.66666666666667,
      "std": 10.241527663824812,
      "ci95": [
        34.16666666666667,
        43.166666666666664
      ]
    },
    "welfare": {
      "mean": 23.45660560326592,
      "std": 0.6729688571853721
    },
    "wall_clock": {
      "mean": 42.31430025100708,
      "total": 846.3690433502197
    },
    "per_seed_lambda": [
      0.42701467548421623,
      0.3626449103599632,
      0.532768024651003,
      0.40540852814011946,
      0.22777621044988022,
      0.5667571038894212,
      0.4477893169153916,
      0.4898579144900866,
      0.36263309883823247,
      0.39557770065662345,
      0.44573859398379806,
      0.3340076715752169,
      0.3352629826511844,
      0.5224111402399757,
      0.367591447256293,
      0.38013093769105494,
      0.4115991332830406,
      0.43682579382162884,
      0.4703322956953169,
      0.3078858610368907
    ],
    "per_seed_survival": [
      43.333333333333336,
      23.333333333333332,
      26.666666666666668,
      46.666666666666664,
      40.0,
      33.33333333333333,
      53.333333333333336,
      53.333333333333336,
      20.0,
      23.333333333333332,
      30.0,
      36.666666666666664,
      30.0,
      36.666666666666664,
      46.666666666666664,
      53.333333333333336,
      46.666666666666664,
      43.333333333333336,
      40.0,
      46.666666666666664
    ]
  },
  "CleanRL MAPPO": {
    "label": "CleanRL MAPPO",
    "params_per_agent": 4546,
    "lambda": {
      "mean": 0.3918413982559297,
      "std": 0.07031154029678528,
      "ci95": [
        0.3625744961334233,
        0.4230167679814546
      ]
    },
    "survival": {
      "mean": 37.0,
      "std": 11.3480296870328,
      "ci95": [
        32.166666666666664,
        41.833333333333336
      ]
    },
    "welfare": {
      "mean": 23.29146774534981,
      "std": 0.5906169384929957
    },
    "wall_clock": {
      "mean": 43.926559913158414,
      "total": 878.584061384201
    },
    "per_seed_lambda": [
      0.42213866817181583,
      0.3124472807414269,
      0.46211298109313254,
      0.38296148333451474,
      0.26009382029756223,
      0.5011733506032666,
      0.3352550658123009,
      0.4556504622674719,
      0.3707256388668725,
      0.326963240672667,
      0.379765623416527,
      0.37414306598740205,
      0.3607609886115164,
      0.3924990576957964,
      0.3111505281948982,
      0.3325129763735065,
      0.3908043454444986,
      0.42913947730567487,
      0.5353234339956334,
      0.5012064762321075
    ],
    "per_seed_survival": [
      40.0,
      20.0,
      30.0,
      43.333333333333336,
      43.333333333333336,
      36.666666666666664,
      43.333333333333336,
      50.0,
      20.0,
      20.0,
      20.0,
      40.0,
      26.666666666666668,
      30.0,
      40.0,
      46.666666666666664,
      33.33333333333333,
      46.666666666666664,
      50.0,
      60.0
    ]
  }
}