{
  "CleanRL IPPO": {
    "label": "CleanRL IPPO",
    "params_per_agent": 4546,
    "lambda": {
      "mean": 0.39347061964829416,
      "std": 0.06155275021345052,
      "ci95": [
        0.36858177334068937,
        0.42302943222050265
      ]
    },
    "survival": {
      "mean": 19.0,
      "std": 7.965202096899013,
      "ci95": [
        15.500000000000004,
        22.666666666666664
      ]
    },
    "welfare": {
      "mean": 23.305153205045674,
      "std": 0.5170431017929836
    },
    "wall_clock": {
      "mean": 191.15179122686385,
      "total": 3823.117875099182
    },
    "per_seed_lambda": [
      0.3521128729115997,
      0.356597319944535,
      0.4007989923273078,
      0.5344704983912112,
      0.42200177286295937,
      0.36585865951850916,
      0.5558210025840683,
      0.45013081098938695,
      0.36676851230048374,
      0.35881083289675714,
      0.4032698522364368,
      0.3200004243597004,
      0.3980976927986207,
      0.383830043852667,
      0.34705911915581933,
      0.4259351520536619,
      0.3075266775812327,
      0.37937358128595206,
      0.3369161007192591,
      0.40403247419571553
    ],
    "per_seed_survival": [
      30.0,
      16.666666666666664,
      10.0,
      20.0,
      33.33333333333333,
      13.333333333333334,
      30.0,
      23.333333333333332,
      6.666666666666667,
      6.666666666666667,
      13.333333333333334,
      23.333333333333332,
      16.666666666666664,
      16.666666666666664,
      16.666666666666664,
      23.333333333333332,
      10.0,
      20.0,
      16.666666666666664,
      33.33333333333333
    ]
  },
  "CleanRL MAPPO": {
    "label": "CleanRL MAPPO",
    "params_per_agent": 4546,
    "lambda": {
      "mean": 0.2233500758451706,
      "std": 0.026744634536823696,
      "ci95": [
        0.21244371355755734,
        0.23552210205897192
      ]
    },
    "survival": {
      "mean": 12.166666666666664,
      "std": 6.435578192102608,
      "ci95": [
        9.333333333333334,
        15.0
      ]
    },
    "welfare": {
      "mean": 21.876140637099432,
      "std": 0.224654930109319
    },
    "wall_clock": {
      "mean": 178.67661820650102,
      "total": 3573.5823366642
    },
    "per_seed_lambda": [
      0.22941520045863437,
      0.2117126040905481,
      0.21500352769980488,
      0.18435447509227038,
      0.21792292568428193,
      0.21242095310617648,
      0.2572405492111416,
      0.20903073128262523,
      0.20057074271073255,
      0.24992913866591424,
      0.2112381415166467,
      0.3050078462068738,
      0.2317048661241443,
      0.24186684653710946,
      0.2009272534402188,
      0.22739483024149945,
      0.1910364169474726,
      0.20366430042149838,
      0.21845274322023087,
      0.2481074242455877
    ],
    "per_seed_survival": [
      23.333333333333332,
      16.666666666666664,
      10.0,
      6.666666666666667,
      23.333333333333332,
      10.0,
      16.666666666666664,
      20.0,
      0.0,
      3.3333333333333335,
      3.3333333333333335,
      13.333333333333334,
      10.0,
      10.0,
      16.666666666666664,
      13.333333333333334,
      10.0,
      10.0,
      6.666666666666667,
      20.0
    ]
  },
  "config": {
    "N_AGENTS": 20,
    "BYZ_FRAC": 0.3,
    "N_SEEDS": 20,
    "N_EPISODES": 300,
    "T_HORIZON": 50,
    "M_over_N": 0.08,
    "framework": "CleanRL (NumPy reimpl.)",
    "note": "Independent PPO/MAPPO with 4546 params/agent"
  }
}