{
  "CleanRL IPPO": {
    "label": "CleanRL IPPO",
    "params_per_agent": 4546,
    "lambda": {
      "mean": 0.4097549802965388,
      "std": 0.01748770278563247,
      "ci95": [
        0.3922672775109063,
        0.4272426830821712
      ]
    },
    "survival": {
      "mean": 80.0,
      "std": 0.0,
      "ci95": [
        80.0,
        80.0
      ]
    },
    "welfare": {
      "mean": 23.441941834490926,
      "std": 0.14689670339931382
    },
    "wall_clock": {
      "mean": 7.371961712837219,
      "total": 14.755046844482422
    },
    "per_seed_lambda": [
      0.4272426830821712,
      0.3922672775109063
    ],
    "per_seed_survival": [
      80.0,
      80.0
    ]
  },
  "CleanRL MAPPO": {
    "label": "CleanRL MAPPO",
    "params_per_agent": 4546,
    "lambda": {
      "mean": 0.38907897521838763,
      "std": 0.025165867074746467,
      "ci95": [
        0.3639131081436412,
        0.41424484229313413
      ]
    },
    "survival": {
      "mean": 50.0,
      "std": 10.0,
      "ci95": [
        40.0,
        60.0
      ]
    },
    "welfare": {
      "mean": 23.26826339183446,
      "std": 0.2113932834278689
    },
    "wall_clock": {
      "mean": 7.908071517944336,
      "total": 15.822955131530762
    },
    "per_seed_lambda": [
      0.41424484229313413,
      0.3639131081436412
    ],
    "per_seed_survival": [
      40.0,
      60.0
    ]
  }
}