{
  "lr=1e-04_ent=0.0": {
    "lr": 0.0001,
    "entropy_coef": 0.0,
    "lambda_mean": 0.41526804593495353,
    "lambda_std": 0.07920682387870673,
    "lambda_ci95": [
      0.3801699599301774,
      0.4493404005592368
    ],
    "survival_mean": 40.25,
    "survival_std": 10.182705927208152,
    "policy_entropy_mean": 0.9174780046180804,
    "policy_entropy_std": 0.000696386584131665,
    "still_trapped": true
  },
  "lr=1e-04_ent=0.01": {
    "lr": 0.0001,
    "entropy_coef": 0.01,
    "lambda_mean": 0.41509754852302666,
    "lambda_std": 0.0763321376511117,
    "lambda_ci95": [
      0.38052874676019016,
      0.44730529002674496
    ],
    "survival_mean": 40.5,
    "survival_std": 10.234744745229362,
    "policy_entropy_mean": 0.9189677277725572,
    "policy_entropy_std": 0.0007373595633332705,
    "still_trapped": true
  },
  "lr=1e-04_ent=0.05": {
    "lr": 0.0001,
    "entropy_coef": 0.05,
    "lambda_mean": 0.41723451315777005,
    "lambda_std": 0.07502370001883304,
    "lambda_ci95": [
      0.38353519514630724,
      0.4490387708296611
    ],
    "survival_mean": 39.75,
    "survival_std": 10.894379284750464,
    "policy_entropy_mean": 0.9250287451793955,
    "policy_entropy_std": 0.0008977887652678101,
    "still_trapped": true
  },
  "lr=1e-04_ent=0.1": {
    "lr": 0.0001,
    "entropy_coef": 0.1,
    "lambda_mean": 0.4154281493236095,
    "lambda_std": 0.07228824223528404,
    "lambda_ci95": [
      0.38280973890528597,
      0.446630118574669
    ],
    "survival_mean": 39.75,
    "survival_std": 10.894379284750464,
    "policy_entropy_mean": 0.9325944289444663,
    "policy_entropy_std": 0.0011077457981930995,
    "still_trapped": true
  },
  "lr=1e-04_ent=0.5": {
    "lr": 0.0001,
    "entropy_coef": 0.5,
    "lambda_mean": 0.416778578283789,
    "lambda_std": 0.065467941623613,
    "lambda_ci95": [
      0.38797724074993134,
      0.4454218857874165
    ],
    "survival_mean": 41.25,
    "survival_std": 9.202581159652981,
    "policy_entropy_mean": 0.9931471891580799,
    "policy_entropy_std": 0.00266537335140644,
    "still_trapped": true
  },
  "lr=3e-04_ent=0.0": {
    "lr": 0.00025,
    "entropy_coef": 0.0,
    "lambda_mean": 0.4105757984973737,
    "lambda_std": 0.0725275444585001,
    "lambda_ci95": [
      0.37847101102968295,
      0.4431716751905914
    ],
    "survival_mean": 40.75,
    "survival_std": 10.520812706250407,
    "policy_entropy_mean": 0.9169111285770428,
    "policy_entropy_std": 0.0007314288308268306,
    "still_trapped": true
  },
  "lr=3e-04_ent=0.01": {
    "lr": 0.00025,
    "entropy_coef": 0.01,
    "lambda_mean": 0.4066238112268521,
    "lambda_std": 0.08345293462927349,
    "lambda_ci95": [
      0.3692866339106311,
      0.44200312603026193
    ],
    "survival_mean": 40.5,
    "survival_std": 9.604686356149275,
    "policy_entropy_mean": 0.9184274608415004,
    "policy_entropy_std": 0.0007260197258339808,
    "still_trapped": true
  },
  "lr=3e-04_ent=0.05": {
    "lr": 0.00025,
    "entropy_coef": 0.05,
    "lambda_mean": 0.4051229463277709,
    "lambda_std": 0.07535693902876091,
    "lambda_ci95": [
      0.3710543172742425,
      0.4374778544841025
    ],
    "survival_mean": 41.25,
    "survival_std": 10.591860082157432,
    "policy_entropy_mean": 0.9243828201812143,
    "policy_entropy_std": 0.0008981738095187816,
    "still_trapped": true
  },
  "lr=3e-04_ent=0.1": {
    "lr": 0.00025,
    "entropy_coef": 0.1,
    "lambda_mean": 0.40138421484786163,
    "lambda_std": 0.0793360049680054,
    "lambda_ci95": [
      0.3672397622419958,
      0.4359451704837866
    ],
    "survival_mean": 40.5,
    "survival_std": 10.111874208078344,
    "policy_entropy_mean": 0.9319378400367135,
    "policy_entropy_std": 0.0011681080966048016,
    "still_trapped": true
  },
  "lr=3e-04_ent=0.5": {
    "lr": 0.00025,
    "entropy_coef": 0.5,
    "lambda_mean": 0.4107854439078554,
    "lambda_std": 0.07198189442034722,
    "lambda_ci95": [
      0.38007543252752296,
      0.4430048385468307
    ],
    "survival_mean": 42.5,
    "survival_std": 10.547511554864494,
    "policy_entropy_mean": 0.9922792959305706,
    "policy_entropy_std": 0.0030650109985159673,
    "still_trapped": true
  },
  "lr=5e-04_ent=0.0": {
    "lr": 0.0005,
    "entropy_coef": 0.0,
    "lambda_mean": 0.3972250619312382,
    "lambda_std": 0.0835202015525608,
    "lambda_ci95": [
      0.36117518505939894,
      0.4338612016646137
    ],
    "survival_mean": 39.0,
    "survival_std": 9.16515138991168,
    "policy_entropy_mean": 0.9167091010816245,
    "policy_entropy_std": 0.0006828979832626907,
    "still_trapped": true
  },
  "lr=5e-04_ent=0.01": {
    "lr": 0.0005,
    "entropy_coef": 0.01,
    "lambda_mean": 0.39203173178360495,
    "lambda_std": 0.08419187215199564,
    "lambda_ci95": [
      0.35679433862537835,
      0.4306249310671432
    ],
    "survival_mean": 38.25,
    "survival_std": 8.842369591913696,
    "policy_entropy_mean": 0.9182184877019756,
    "policy_entropy_std": 0.0008030705287758294,
    "still_trapped": true
  },
  "lr=5e-04_ent=0.05": {
    "lr": 0.0005,
    "entropy_coef": 0.05,
    "lambda_mean": 0.3938498705977144,
    "lambda_std": 0.08561282788012914,
    "lambda_ci95": [
      0.35711392556409854,
      0.4320321580280031
    ],
    "survival_mean": 38.5,
    "survival_std": 8.817596044274199,
    "policy_entropy_mean": 0.9241899901082322,
    "policy_entropy_std": 0.0008420835126774174,
    "still_trapped": true
  },
  "lr=5e-04_ent=0.1": {
    "lr": 0.0005,
    "entropy_coef": 0.1,
    "lambda_mean": 0.3950272735854104,
    "lambda_std": 0.08854401703147591,
    "lambda_ci95": [
      0.35627580045087903,
      0.4338976686995065
    ],
    "survival_mean": 38.5,
    "survival_std": 8.231038816577165,
    "policy_entropy_mean": 0.9317188810968888,
    "policy_entropy_std": 0.0009799734800324032,
    "still_trapped": true
  },
  "lr=5e-04_ent=0.5": {
    "lr": 0.0005,
    "entropy_coef": 0.5,
    "lambda_mean": 0.4012499223944651,
    "lambda_std": 0.07969234288848905,
    "lambda_ci95": [
      0.36778995445806495,
      0.4378855453312531
    ],
    "survival_mean": 39.25,
    "survival_std": 9.390819985496474,
    "policy_entropy_mean": 0.9915933328959408,
    "policy_entropy_std": 0.002769366089993028,
    "still_trapped": true
  },
  "lr=1e-03_ent=0.0": {
    "lr": 0.001,
    "entropy_coef": 0.0,
    "lambda_mean": 0.3461486741198738,
    "lambda_std": 0.06541454034129791,
    "lambda_ci95": [
      0.31756560286083685,
      0.37477908368586976
    ],
    "survival_mean": 35.0,
    "survival_std": 7.745966692414835,
    "policy_entropy_mean": 0.9161624343147083,
    "policy_entropy_std": 0.0005947402591360207,
    "still_trapped": true
  },
  "lr=1e-03_ent=0.01": {
    "lr": 0.001,
    "entropy_coef": 0.01,
    "lambda_mean": 0.3535933372585221,
    "lambda_std": 0.06488636693250517,
    "lambda_ci95": [
      0.3256640706015119,
      0.38254954915045075
    ],
    "survival_mean": 34.75,
    "survival_std": 9.010410645470051,
    "policy_entropy_mean": 0.9176786235280187,
    "policy_entropy_std": 0.0006796436022959185,
    "still_trapped": true
  },
  "lr=1e-03_ent=0.05": {
    "lr": 0.001,
    "entropy_coef": 0.05,
    "lambda_mean": 0.35455169051085195,
    "lambda_std": 0.06316034861069883,
    "lambda_ci95": [
      0.3266599028044881,
      0.38269158021444355
    ],
    "survival_mean": 36.0,
    "survival_std": 7.842193570679061,
    "policy_entropy_mean": 0.9235874164196911,
    "policy_entropy_std": 0.0007013897531548196,
    "still_trapped": true
  },
  "lr=1e-03_ent=0.1": {
    "lr": 0.001,
    "entropy_coef": 0.1,
    "lambda_mean": 0.3544804426931098,
    "lambda_std": 0.06356792895054772,
    "lambda_ci95": [
      0.3272227907965909,
      0.38179519627844966
    ],
    "survival_mean": 36.75,
    "survival_std": 7.949056547792324,
    "policy_entropy_mean": 0.9309785903444098,
    "policy_entropy_std": 0.0008277888579074666,
    "still_trapped": true
  },