{
  "CleanRL IQL": {
    "label": "CleanRL IQL",
    "params_per_agent": 5195,
    "lambda": {
      "mean": 0.5110714285714286,
      "std": 0.004642857142857115,
      "ci95": [
        0.5064285714285715,
        0.5157142857142857
      ]
    },
    "survival": {
      "mean": 80.0,
      "std": 0.0,
      "ci95": [
        80.0,
        80.0
      ]
    },
    "welfare": {
      "mean": 24.293,
      "std": 0.0389999999999997
    },
    "wall_clock": {
      "mean": 0.6721824407577515,
      "total": 1.356276512145996
    },
    "per_seed_lambda": [
      0.5064285714285715,
      0.5157142857142857
    ],
    "per_seed_survival": [
      80.0,
      80.0
    ]
  }
}