{
  "CleanRL IQL": {
    "label": "CleanRL IQL",
    "params_per_agent": 5195,
    "lambda": {
      "mean": 0.584095238095238,
      "std": 0.020835523694379462,
      "ci95": [
        0.5752616071428572,
        0.5933571428571428
      ]
    },
    "survival": {
      "mean": 71.83333333333334,
      "std": 7.26291952316698,
      "ci95": [
        68.83333333333331,
        75.16666666666667
      ]
    },
    "welfare": {
      "mean": 24.9064,
      "std": 0.1750183990327881
    },
    "wall_clock": {
      "mean": 17.516972708702088,
      "total": 350.4680564403534
    },
    "per_seed_lambda": [
      0.6028571428571429,
      0.577857142857143,
      0.5671428571428571,
      0.5821428571428571,
      0.5716666666666667,
      0.579047619047619,
      0.5907142857142857,
      0.5707142857142858,
      0.5835714285714286,
      0.6292857142857143,
      0.608095238095238,
      0.575,
      0.5952380952380953,
      0.5571428571428572,
      0.5657142857142857,
      0.5709523809523809,
      0.6211904761904762,
      0.5704761904761905,
      0.5502380952380952,
      0.6128571428571429
    ],
    "per_seed_survival": [
      80.0,
      70.0,
      66.66666666666666,
      86.66666666666667,
      66.66666666666666,
      63.33333333333333,
      66.66666666666666,
      66.66666666666666,
      76.66666666666667,
      83.33333333333334,
      70.0,
      73.33333333333333,
      83.33333333333334,
      63.33333333333333,
      63.33333333333333,
      63.33333333333333,
      66.66666666666666,
      76.66666666666667,
      73.33333333333333,
      76.66666666666667
    ]
  }
}