{
  "algorithm": "LOLA (N-agent, linear policy)",
  "description": "Learning with Opponent-Learning Awareness (Foerster et al., 2018) adapted for N-agent PGG. 1-step LOLA correction with cross-derivative approximation.",
  "lambda_mean": 0.4981160612450173,
  "lambda_std": 0.00026248898535960463,
  "lambda_ci95": [
    0.4978535722596577,
    0.4983785502303769
  ],
  "survival_mean": 55.0,
  "survival_std": 5.0,
  "survival_ci95": [
    50.0,
    60.0
  ],
  "welfare_mean": 21.19547857394435,
  "welfare_std": 0.0006299555688560332,
  "per_seed_lambda": [
    0.4978535722596577,
    0.4983785502303769
  ],
  "per_seed_survival": [
    60.0,
    50.0
  ],
  "per_seed_welfare": [
    21.19484861837549,
    21.196108529513204
  ],
  "n_seeds": 2,
  "n_episodes": 30
}