{
  "algorithm": "LOLA (N-agent, linear policy)",
  "description": "Learning with Opponent-Learning Awareness (Foerster et al., 2018) adapted for N-agent PGG. 1-step LOLA correction with cross-derivative approximation.",
  "lambda_mean": 0.48970643543700254,
  "lambda_std": 0.006298976057446933,
  "lambda_ci95": [
    0.48693610443673224,
    0.49266411137122357
  ],
  "survival_mean": 50.83333333333333,
  "survival_std": 9.361564446655745,
  "survival_ci95": [
    46.66666666666667,
    54.833333333333336
  ],
  "welfare_mean": 21.17529544242839,
  "welfare_std": 0.015117542238894652,
  "per_seed_lambda": [
    0.4853592803334083,
    0.48729507953565887,
    0.4800665017617961,
    0.4859718954541268,
    0.4825168566922156,
    0.49081801154146276,
    0.5021581412876873,
    0.4857706430155113,
    0.4918481798876267,
    0.49412203783133435,
    0.4940735469059168,
    0.48627856066889963,
    0.4877280322873269,
    0.49151004210079813,
    0.4854973601321325,
    0.4851771621463457,
    0.4995579540771448,
    0.4897465798712815,
    0.5042821406622412,
    0.4843507025471346
  ],
  "per_seed_survival": [
    36.666666666666664,
    46.666666666666664,
    50.0,
    56.666666666666664,
    66.66666666666666,
    46.666666666666664,
    56.666666666666664,
    43.333333333333336,
    36.666666666666664,
    46.666666666666664,
    40.0,
    53.333333333333336,
    63.33333333333333,
    40.0,
    56.666666666666664,
    46.666666666666664,
    60.0,
    43.333333333333336,
    66.66666666666666,
    60.0
  ],
  "per_seed_welfare": [
    21.164862223315758,
    21.16950816224105,
    21.152159548550312,
    21.16633255828311,
    21.158040495181506,
    21.177963199598416,
    21.205179514993137,
    21.165849602221954,
    21.180435566759026,
    21.185892914791342,
    21.185776470945402,
    21.16706851259442,
    21.170547259344296,
    21.179624119749327,
    21.165193682675486,
    21.164425202228035,
    21.198939079421006,
    21.17539184695971,
    21.21027716955925,
    21.16244171915527
  ],
  "n_seeds": 20,
  "n_episodes": 300
}