{
  "algorithm": "QMIX (monotonic mixing network)",
  "architecture": {
    "per_agent_q": "2-layer MLP (64 hidden)",
    "mixing_network": "hypernetwork-generated weights with |W| monotonicity",
    "mixing_dim": 32
  },
  "lambda_mean": 0.5234588381341518,
  "lambda_std": 0.20059849172573624,
  "lambda_ci95": [
    0.43026914630581936,
    0.6049121700037338
  ],
  "survival_mean": 66.5,
  "survival_std": 27.537348375534556,
  "survival_ci95": [
    53.5,
    78.50416666666668
  ],
  "welfare_mean": 21.256301274574895,
  "welfare_std": 0.48143634549438885,
  "per_seed_lambda": [
    0.627661977756543,
    0.1378468101074128,
    0.5133538479046231,
    0.5826832270595771,
    0.6642908635224424,
    0.5564221124413344,
    0.7394285714285715,
    0.7524108546917019,
    0.6597987920464629,
    0.1373330188263148,
    0.5838754057972396,
    0.6272380614657209,
    0.1358625663464128,
    0.6444848803772718,
    0.1375729588200535,
    0.5977700484060323,
    0.6106152631661378,
    0.6060728528543609,
    0.5730643521533696,
    0.5813902975114544
  ],
  "per_seed_survival": [
    76.66666666666667,
    6.666666666666667,
    60.0,
    73.33333333333333,
    93.33333333333333,
    66.66666666666666,
    96.66666666666667,
    90.0,
    86.66666666666667,
    16.666666666666664,
    70.0,
    90.0,
    13.333333333333334,
    90.0,
    23.333333333333332,
    70.0,
    76.66666666666667,
    70.0,
    83.33333333333334,
    76.66666666666667
  ],
  "per_seed_welfare": [
    21.506388745947376,
    20.33083245371387,
    21.232049267599603,
    21.398440035154707,
    21.594298005957345,
    21.335413118407455,
    21.774628578186032,
    21.805785931033416,
    21.583517046071176,
    20.329599382672487,
    21.401301113002535,
    21.505371498089875,
    20.326070269194574,
    21.546763701733756,
    20.330175167085958,
    21.434648236366254,
    21.46547652264856,
    21.45457504034574,
    21.37535467596478,
    21.395336702322425
  ],
  "n_seeds": 20,
  "n_episodes": 300
}