{
  "algorithm": "QMIX (monotonic mixing network)",
  "architecture": {
    "per_agent_q": "2-layer MLP (64 hidden)",
    "mixing_network": "hypernetwork-generated weights with |W| monotonicity",
    "mixing_dim": 32
  },
  "lambda_mean": 0.6065718428823182,
  "lambda_std": 0.048545867731868614,
  "lambda_ci95": [
    0.5855616560566836,
    0.6282948228116587
  ],
  "survival_mean": 76.0,
  "survival_std": 12.138094304022085,
  "survival_ci95": [
    70.66666666666666,
    81.00416666666666
  ],
  "welfare_mean": 21.455772477101647,
  "welfare_std": 0.116510071548033,
  "per_seed_lambda": [
    0.5717954930246074,
    0.6290707379757946,
    0.62257221630667,
    0.7233992063492065,
    0.6172617966579892,
    0.5898621378621379,
    0.5582771757199283,
    0.5954007243572251,
    0.6951259774448263,
    0.6049039797573889,
    0.5448537070780693,
    0.5260158967081161,
    0.6211725375152664,
    0.6483329872299797,
    0.5340766705076528,
    0.5895672905615078,
    0.5799029423322527,
    0.6010671380206806,
    0.6472238095238096,
    0.6315544327132564
  ],
  "per_seed_survival": [
    63.33333333333333,
    76.66666666666667,
    80.0,
    96.66666666666667,
    90.0,
    80.0,
    66.66666666666666,
    73.33333333333333,
    83.33333333333334,
    73.33333333333333,
    56.666666666666664,
    53.333333333333336,
    80.0,
    86.66666666666667,
    63.33333333333333,
    70.0,
    70.0,
    70.0,
    100.0,
    86.66666666666667
  ],
  "per_seed_welfare": [
    21.37230933321628,
    21.509769789052623,
    21.49417336638381,
    21.736158080736793,
    21.48142829082618,
    21.415669255372997,
    21.339865325678968,
    21.428961952152417,
    21.66830241184152,
    21.451769711981452,
    21.307648894254488,
    21.2624381475137,
    21.490814179757102,
    21.555999130127397,
    21.281784058246572,
    21.41496146756164,
    21.391767073289664,
    21.44256119952431,
    21.553337168375656,
    21.515730706139315
  ],
  "n_seeds": 20,
  "n_episodes": 300
}