{
  "algorithm": "QMIX (monotonic mixing network)",
  "architecture": {
    "per_agent_q": "2-layer MLP (64 hidden)",
    "mixing_network": "hypernetwork-generated weights with |W| monotonicity",
    "mixing_dim": 32
  },
  "lambda_mean": 0.48689686552072803,
  "lambda_std": 0.002398372574510088,
  "lambda_ci95": [
    0.48449849294621794,
    0.4892952380952381
  ],
  "survival_mean": 60.0,
  "survival_std": 10.0,
  "survival_ci95": [
    50.0,
    70.0
  ],
  "welfare_mean": 21.16855255775166,
  "welfare_std": 0.005756181501793023,
  "per_seed_lambda": [
    0.4892952380952381,
    0.48449849294621794
  ],
  "per_seed_survival": [
    70.0,
    50.0
  ],
  "per_seed_welfare": [
    21.174308739253455,
    21.16279637624987
  ],
  "n_seeds": 2,
  "n_episodes": 10
}