{
  "algorithm": "QMIX (monotonic mixing network)",
  "architecture": {
    "per_agent_q": "2-layer MLP (64 hidden)",
    "mixing_network": "hypernetwork-generated weights with |W| monotonicity",
    "mixing_dim": 32
  },
  "lambda_mean": 0.5008145812268284,
  "lambda_std": 0.00155208543983823,
  "lambda_ci95": [
    0.49926249578699017,
    0.5023666666666666
  ],
  "survival_mean": 60.0,
  "survival_std": 10.0,
  "survival_ci95": [
    50.0,
    70.0
  ],
  "welfare_mean": 21.20195504937727,
  "welfare_std": 0.0037250544696885157,
  "per_seed_lambda": [
    0.5023666666666666,
    0.49926249578699017
  ],
  "per_seed_survival": [
    70.0,
    50.0
  ],
  "per_seed_welfare": [
    21.20568010384696,
    21.19822999490758
  ],
  "n_seeds": 2,
  "n_episodes": 10
}