{
  "results": [
    {
      "K": 0,
      "mean_lam": 0.5000571534138313,
      "survival": 0.02666666666666667,
      "welfare": 24.218705245179112,
      "time_s": 4.215472221374512,
      "time_ratio": 1.0
    },
    {
      "K": 1,
      "mean_lam": 0.49999760154344985,
      "survival": 0.07333333333333333,
      "welfare": 24.192664252206878,
      "time_s": 5.162349224090576,
      "time_ratio": 1.2246194383430957
    },
    {
      "K": 2,
      "mean_lam": 0.49976506454239106,
      "survival": 0.08666666666666667,
      "welfare": 24.185668765044156,
      "time_s": 7.523985862731934,
      "time_ratio": 1.78485006367297
    }
  ]
}