{
  "0.0": {
    "byz_0": {
      "survival_mean": 75.0,
      "survival_std": 5.0,
      "survival_ci95": [
        70.0,
        80.0
      ],
      "welfare_mean": 24.89892482437572,
      "welfare_std": 0.18478786358126342,
      "lambda_mean": 0.4082437304642321,
      "lambda_std": 0.015398986129366493,
      "per_seed_survival": [
        70.0,
        80.0
      ],
      "per_seed_welfare": [
        24.714136960794455,
        25.083712687956982
      ],
      "per_seed_lambda": [
        0.3928447443348656,
        0.4236427165935986
      ]
    },
    "byz_30": {
      "survival_mean": 30.0,
      "survival_std": 20.0,
      "survival_ci95": [
        10.0,
        50.0
      ],
      "welfare_mean": 21.038248973241522,
      "welfare_std": 0.03037450417317089,
      "lambda_mean": 0.43260376344670715,
      "lambda_std": 0.012656061539671443,
      "per_seed_survival": [
        50.0,
        10.0
      ],
      "per_seed_welfare": [
        21.068623477414693,
        21.00787446906835
      ],
      "per_seed_lambda": [
        0.44525982498637856,
        0.4199477019070357
      ]
    }
  },
  "0.21": {
    "byz_0": {
      "survival_mean": 95.0,
      "survival_std": 5.0,
      "survival_ci95": [
        90.0,
        100.0
      ],
      "welfare_mean": 25.967869626726422,
      "welfare_std": 0.030918634142192758,
      "lambda_mean": 0.49732246704109634,
      "lambda_std": 0.0025765518522014585,
      "per_seed_survival": [
        100.0,
        90.0
      ],
      "per_seed_welfare": [
        25.93695099258423,
        25.998788260868615
      ],
      "per_seed_lambda": [
        0.4947459151888949,
        0.4998990188932978
      ]
    },
    "byz_30": {
      "survival_mean": 60.0,
      "survival_std": 0.0,
      "survival_ci95": [
        60.0,
        60.0
      ],
      "welfare_mean": 21.19432466427511,
      "welfare_std": 0.0008844850441072083,
      "lambda_mean": 0.4976353103282586,
      "lambda_std": 0.0003685391568153118,
      "per_seed_survival": [
        60.0,
        60.0
      ],
      "per_seed_welfare": [
        21.193440179231004,
        21.19520914931922
      ],
      "per_seed_lambda": [
        0.49726677117144324,
        0.49800384948507387
      ]
    }
  },
  "0.5": {
    "byz_0": {
      "survival_mean": 100.0,
      "survival_std": 0.0,
      "survival_ci95": [
        100.0,
        100.0
      ],
      "welfare_mean": 28.31131739807129,
      "welfare_std": 0.0430108909606961,
      "lambda_mean": 0.6926097908952948,
      "lambda_std": 0.0035842418817391697,
      "per_seed_survival": [
        100.0,
        100.0
      ],
      "per_seed_welfare": [
        28.354328289031987,
        28.268306507110594
      ],
      "per_seed_lambda": [
        0.6961940327770341,
        0.6890255490135557
      ]
    },
    "byz_30": {
      "survival_mean": 95.0,
      "survival_std": 5.0,
      "survival_ci95": [
        90.0,
        100.0
      ],
      "welfare_mean": 21.585365322699914,
      "welfare_std": 0.03188564241849612,
      "lambda_mean": 0.6605689073302567,
      "lambda_std": 0.013285691111367293,
      "per_seed_survival": [
        100.0,
        90.0
      ],
      "per_seed_welfare": [
        21.61725096511841,
        21.553479680281416
      ],
      "per_seed_lambda": [
        0.673854598441624,
        0.6472832162188894
      ]
    }
  },
  "1.0": {
    "byz_0": {
      "survival_mean": 100.0,
      "survival_std": 0.0,
      "survival_ci95": [
        100.0,
        100.0
      ],
      "welfare_mean": 32.0,
      "welfare_std": 0.0,
      "lambda_mean": 1.0,
      "lambda_std": 0.0,
      "per_seed_survival": [
        100.0,
        100.0
      ],
      "per_seed_welfare": [
        32.0,
        32.0
      ],
      "per_seed_lambda": [
        1.0,
        1.0
      ]
    },
    "byz_30": {
      "survival_mean": 100.0,
      "survival_std": 0.0,
      "survival_ci95": [
        100.0,
        100.0
      ],
      "welfare_mean": 22.39999771118164,
      "welfare_std": 0.0,
      "lambda_mean": 1.0,
      "lambda_std": 0.0,
      "per_seed_survival": [
        100.0,
        100.0
      ],
      "per_seed_welfare": [
        22.39999771118164,
        22.39999771118164
      ],
      "per_seed_lambda": [
        1.0,
        1.0
      ]
    }
  }
}