{
  "0.0": {
    "byz_0": {
      "survival_mean": 99.5,
      "survival_std": 1.5,
      "welfare_mean": 29.502043916521245,
      "welfare_std": 0.11499015606538601
    },
    "byz_30": {
      "survival_mean": 84.5,
      "survival_std": 7.053367989832942,
      "welfare_mean": 25.49651599177667,
      "welfare_std": 0.3628071244794617
    }
  },
  "0.21": {
    "byz_0": {
      "survival_mean": 99.5,
      "survival_std": 1.5,
      "welfare_mean": 29.50729698191937,
      "welfare_std": 0.09905600165413561
    },
    "byz_30": {
      "survival_mean": 85.25,
      "survival_std": 6.015604707757983,
      "welfare_mean": 25.589710076803765,
      "welfare_std": 0.32302202864306856
    }
  },
  "0.5": {
    "byz_0": {
      "survival_mean": 99.5,
      "survival_std": 1.5,
      "welfare_mean": 29.520326137707436,
      "welfare_std": 0.05981227104166188
    },
    "byz_30": {
      "survival_mean": 86.5,
      "survival_std": 5.5,
      "welfare_mean": 25.82794202652939,
      "welfare_std": 0.22303087232687507
    }
  },
  "1.0": {
    "byz_0": {
      "survival_mean": 99.5,
      "survival_std": 1.5,
      "welfare_mean": 29.541657341461608,
      "welfare_std": 0.013653119726619352
    },
    "byz_30": {
      "survival_mean": 87.25,
      "survival_std": 5.80409338312195,
      "welfare_mean": 26.227679654770526,
      "welfare_std": 0.1605224356360411
    }
  }
}