{
  "0.0": {
    "byz_0": {
      "survival_mean": 29.5,
      "survival_std": 9.340770846134703,
      "welfare_mean": 25.807633993804377,
      "welfare_std": 0.5785859246572257
    },
    "byz_30": {
      "survival_mean": 21.5,
      "survival_std": 5.5,
      "welfare_mean": 24.855545980310943,
      "welfare_std": 0.34229494319781795
    }
  },
  "0.21": {
    "byz_0": {
      "survival_mean": 33.0,
      "survival_std": 11.661903789690603,
      "welfare_mean": 25.725862429484287,
      "welfare_std": 0.4602317865617313
    },
    "byz_30": {
      "survival_mean": 24.5,
      "survival_std": 7.566372975210778,
      "welfare_mean": 24.856333728696683,
      "welfare_std": 0.27925601664790717
    }
  },
  "0.5": {
    "byz_0": {
      "survival_mean": 81.5,
      "survival_std": 9.233092656309694,
      "welfare_mean": 25.62533471108323,
      "welfare_std": 0.15877580025221244
    },
    "byz_30": {
      "survival_mean": 38.5,
      "survival_std": 9.500000000000002,
      "welfare_mean": 25.082995997273095,
      "welfare_std": 0.2070101932183076
    }
  },
  "1.0": {
    "byz_0": {
      "survival_mean": 100.0,
      "survival_std": 0.0,
      "welfare_mean": 30.775261416484703,
      "welfare_std": 7.105427357601002e-15
    },
    "byz_30": {
      "survival_mean": 95.5,
      "survival_std": 4.716990566028302,
      "welfare_mean": 27.49061083380102,
      "welfare_std": 0.039520495250352415
    }
  }
}