{
  "0.0": {
    "byz_0": {
      "survival_mean": 83.16666666666666,
      "survival_std": 6.706133179576903,
      "survival_ci95": [
        80.16666666666666,
        86.0
      ],
      "welfare_mean": 25.177827626953608,
      "welfare_std": 0.3265129466555284,
      "lambda_mean": 0.4314856348650779,
      "lambda_std": 0.02720941136773206,
      "per_seed_survival": [
        76.66666666666667,
        76.66666666666667,
        63.33333333333333,
        83.33333333333334,
        93.33333333333333,
        80.0,
        86.66666666666667,
        80.0,
        76.66666666666667,
        83.33333333333334,
        83.33333333333334,
        86.66666666666667,
        90.0,
        83.33333333333334,
        80.0,
        90.0,
        86.66666666666667,
        83.33333333333334,
        86.66666666666667,
        93.33333333333333
      ],
      "per_seed_welfare": [
        24.97490078487939,
        25.256253732814464,
        24.6334495906745,
        25.237208127216217,
        25.19298190260162,
        24.77933401753961,
        25.71804205711027,
        25.42890087001968,
        25.256548413741044,
        25.31831645100082,
        24.949432452152106,
        25.282216498573543,
        25.62909872507213,
        24.93123472057655,
        24.534659020584833,
        25.67758181370929,
        25.237010876266197,
        25.30295670937862,
        24.772510024130536,
        25.44391575103064
      ],
      "per_seed_lambda": [
        0.4145750626287221,
        0.43802114200665887,
        0.38612079973146013,
        0.43643401285955824,
        0.4327484884408191,
        0.39827783670202194,
        0.47650350233985345,
        0.45240840624809303,
        0.4380457012930581,
        0.44319303591699444,
        0.412452704874981,
        0.44018471224533345,
        0.4690915598542155,
        0.41093622747987973,
        0.377888252129863,
        0.47313181646053315,
        0.4364175686594025,
        0.4419130552107357,
        0.39770917032216835,
        0.4536596418972059
      ]
    },
    "byz_30": {
      "survival_mean": 38.99999999999999,
      "survival_std": 9.72396809720988,
      "survival_ci95": [
        34.66666666666667,
        43.16666666666667
      ],
      "welfare_mean": 21.03649152208404,
      "welfare_std": 0.08408064662209559,
      "lambda_mean": 0.43187146460989173,
      "lambda_std": 0.03503360295775988,
      "per_seed_survival": [
        30.0,
        33.33333333333333,
        40.0,
        43.333333333333336,
        43.333333333333336,
        16.666666666666664,
        46.666666666666664,
        40.0,
        33.33333333333333,
        30.0,
        30.0,
        46.666666666666664,
        46.666666666666664,
        26.666666666666668,
        40.0,
        46.666666666666664,
        46.666666666666664,
        40.0,
        36.666666666666664,
        63.33333333333333
      ],
      "per_seed_welfare": [
        21.091855350165623,
        21.000184733934006,
        21.016790149529594,
        21.114164732569737,
        20.96272257585032,
        20.915631982187612,
        21.06958338774657,
        21.1108186087561,
        21.07232027208729,
        21.01337664030969,
        21.07523385737169,
        21.083731323816572,
        21.082614519841886,
        20.96205280552007,
        20.850757595226316,
        21.19125510316889,
        21.022088686679265,
        21.080921455375314,
        20.887882185510534,
        21.125844476033823
      ],
      "per_seed_lambda": [
        0.4549397445006042,
        0.4167436573556596,
        0.4236625393542546,
        0.46423526987522484,
        0.40113441632410785,
        0.38151328318322786,
        0.4456597708439361,
        0.4628410678729861,
        0.44680011033783923,
        0.4222402596458446,
        0.4480141266583387,
        0.4515546815585723,
        0.45108937845456787,
        0.4008553129296699,
        0.35448235773748193,
        0.49635626883929546,
        0.4258703154144169,
        0.45038393769891805,
        0.36995088725576314,
        0.46910190635712645
      ]
    }
  },
  "0.21": {
    "byz_0": {
      "survival_mean": 98.5,
      "survival_std": 1.964971020425265,
      "survival_ci95": [
        97.66666666666666,
        99.33333333333334
      ],
      "welfare_mean": 26.425825162162283,
      "welfare_std": 0.3170447440014201,
      "lambda_mean": 0.5354854276144282,
      "lambda_std": 0.026420395371321626,
      "per_seed_survival": [
        96.66666666666667,
        96.66666666666667,
        96.66666666666667,
        100.0,
        96.66666666666667,
        100.0,
        100.0,
        96.66666666666667,
        96.66666666666667,
        100.0,
        100.0,
        100.0,
        100.0,
        96.66666666666667,
        100.0,
        100.0,
        100.0,
        93.33333333333333,
        100.0,
        100.0
      ],
      "per_seed_welfare": [
        26.248490279727513,
        26.273549994712656,
        25.853481913075303,
        26.400781542460116,
        26.059384974161787,
        26.397084515889485,
        26.9121733194987,
        26.536350208044052,
        26.465025726424326,
        26.877066502888997,
        26.55647102737427,
        26.601074493408206,
        26.57196395619711,
        26.133951121933162,
        25.80710823949178,
        26.97722750981649,
        26.236032328287763,
        26.67024609502157,
        26.248461330413818,
        26.69057816441854
      ],
      "per_seed_lambda": [
        0.5207075198709439,
        0.5227958312919627,
        0.4877901568144847,
        0.5333984569554747,
        0.5049487351269816,
        0.533090372994449,
        0.5760144374608926,
        0.5446958448160136,
        0.5387521478104497,
        0.5730888745947881,
        0.54637258774462,
        0.5500895424766514,
        0.5476636575054975,
        0.5111625912872199,
        0.4839256853859545,
        0.5814356198105538,
        0.5196693552188476,
        0.5558538415301587,
        0.5207051174410752,
        0.5575481761515456
      ]
    },
    "byz_30": {
      "survival_mean": 63.833333333333336,
      "survival_std": 8.251262529657708,
      "survival_ci95": [
        60.166666666666664,
        67.5
      ],
      "welfare_mean": 21.262457667815056,
      "welfare_std": 0.06060628090494639,
      "lambda_mean": 0.5260240205870466,
      "lambda_std": 0.025252610530574808,
      "per_seed_survival": [
        46.666666666666664,
        66.66666666666666,
        63.33333333333333,
        60.0,
        80.0,
        50.0,
        73.33333333333333,
        63.33333333333333,
        60.0,
        56.666666666666664,
        60.0,
        70.0,
        76.66666666666667,
        60.0,
        63.33333333333333,
        70.0,
        60.0,
        56.666666666666664,
        66.66666666666666,
        73.33333333333333
      ],
      "per_seed_welfare": [
        21.220833388803992,
        21.243625780198478,
        21.243717365161924,
        21.26364788516407,
        21.26684382229248,
        21.148482467610403,
        21.28819797728643,
        21.304716565077527,
        21.362366104858776,
        21.26569062111998,
        21.281370063913254,
        21.29847924043345,
        21.36668049371509,
        21.23659065806879,
        21.150533677078418,
        21.35601297758095,
        21.212334943938064,
        21.27884121481033,
        21.174278928941284,
        21.285909180247458
      ],