{
  "results": [
    {
      "label": "Linear",
      "hidden": [],
      "mean_lam": 0.5017109743718065,
      "survival": 0.05333333333333334,
      "welfare": 24.21759081340509
    },
    {
      "label": "MLP-16",
      "hidden": [
        16
      ],
      "mean_lam": 0.5001263734605598,
      "survival": 0.05333333333333334,
      "welfare": 24.18744948992496
    },
    {
      "label": "MLP-32-16",
      "hidden": [
        32,
        16
      ],
      "mean_lam": 0.5001281478996293,
      "survival": 0.05333333333333334,
      "welfare": 24.187355977162454
    },
    {
      "label": "MLP-64-32-16",
      "hidden": [
        64,
        32,
        16
      ],
      "mean_lam": 0.5001280399479499,
      "survival": 0.05333333333333334,
      "welfare": 24.187354435298875
    }
  ],
  "time_seconds": 25.83392024040222
}