{
  "PyTorch Linear": {
    "lambda_mean": 0.4968184244114993,
    "lambda_std": 0.023613100550922354,
    "lambda_ci95": [
      0.48660937190102416,
      0.5070549812493025
    ],
    "survival_mean": 48.0,
    "survival_std": 11.323525167642018,
    "survival_ci95": [
      42.83333333333334,
      52.833333333333336
    ],
    "params": 10,
    "trapped": true
  },
  "PyTorch MLP (32h)": {
    "lambda_mean": 0.48212866224439466,
    "lambda_std": 0.010763664235515322,
    "lambda_ci95": [
      0.47756328868666703,
      0.48702192114794046
    ],
    "survival_mean": 45.16666666666667,
    "survival_std": 11.079259903080168,
    "survival_ci95": [
      40.00000000000001,
      49.66666666666667
    ],
    "params": 1282,
    "trapped": true
  },
  "PyTorch MLP+Critic (32h)": {
    "lambda_mean": 0.4796286584163857,
    "lambda_std": 0.012574122598930933,
    "lambda_ci95": [
      0.4742517273457758,
      0.48516653872926885
    ],
    "survival_mean": 43.833333333333336,
    "survival_std": 10.968388922515265,
    "survival_ci95": [
      38.66666666666667,
      48.5
    ],
    "params": 1475,
    "trapped": true
  },
  "PyTorch Sigmoid MLP (32h)": {
    "lambda_mean": 0.48559749279231806,
    "lambda_std": 0.008931986511030913,
    "lambda_ci95": [
      0.481577090289582,
      0.4894024140930064
    ],
    "survival_mean": 46.666666666666664,
    "survival_std": 10.274023338281626,
    "survival_ci95": [
      41.83333333333333,
      50.99999999999999
    ],
    "params": 1250,
    "trapped": true
  }
}