{
  "0.0": {
    "survival_mean": 35.0,
    "gini_mean": 0.06420857376859415,
    "gini_std": 0.0011488995260877446,
    "min_agent_mean": 597.3371676683425,
    "min_agent_std": 54.47354896068572,
    "p10_mean": 640.7105219554901,
    "p25_mean": 741.8364338815213,
    "median_mean": 827.0035244703292
  },
  "0.3": {
    "survival_mean": 65.0,
    "gini_mean": 0.035429008963089446,
    "gini_std": 0.004409885534856802,
    "min_agent_mean": 808.8278503417969,
    "min_agent_std": 9.017868137359642,
    "p10_mean": 884.5175135278702,
    "p25_mean": 955.9097106933593,
    "median_mean": 989.0244812488556
  },
  "0.5": {
    "survival_mean": 95.0,
    "gini_mean": 0.018612856283939726,
    "gini_std": 0.0048461752507639975,
    "min_agent_mean": 963.6736571788788,
    "min_agent_std": 13.181636476516701,
    "p10_mean": 1004.0239965581894,
    "p25_mean": 1041.0726148486137,
    "median_mean": 1058.6478035688401
  },
  "0.7": {
    "survival_mean": 95.0,
    "gini_mean": 0.01121801328238434,
    "gini_std": 0.0034817075630017764,
    "min_agent_mean": 1039.3755923271178,
    "min_agent_std": 26.67237558364866,
    "p10_mean": 1063.8466813659666,
    "p25_mean": 1086.5802979707719,
    "median_mean": 1099.260110425949
  },
  "1.0": {
    "survival_mean": 100.0,
    "gini_mean": 0.0,
    "gini_std": 0.0,
    "min_agent_mean": 1119.9999809265137,
    "min_agent_std": 0.0,
    "p10_mean": 1119.9999809265137,
    "p25_mean": 1119.9999809265137,
    "median_mean": 1119.9999809265137
  }
}