{
  "phase_transition": {
    "alpha": 0.09,
    "beta": 0.025252525252525304,
    "r_squared": 0.6935049739199475,
    "mae": 0.0038102747922950236,
    "predictions": {
      "0.05": {
        "observed": 0.4751787572179234,
        "predicted": 0.4849426855718506,
        "error": 0.009763928353927198
      },
      "0.10": {
        "observed": 0.4821209670225753,
        "predicted": 0.4860667395863364,
        "error": 0.003945772563761107
      },
      "0.15": {
        "observed": 0.4887490336302004,
        "predicted": 0.4871909345650584,
        "error": 0.0015580990651419824
      },
      "0.20": {
        "observed": 0.4906741423477041,
        "predicted": 0.4883152591500157,
        "error": 0.0023588831976883995
      },
      "0.25": {
        "observed": 0.4940759997907147,
        "predicted": 0.4894397019779635,
        "error": 0.004636297812751211
      },
      "0.30": {
        "observed": 0.49548069163376435,
        "predicted": 0.49056425168087214,
        "error": 0.004916439952892204
      },
      "0.40": {
        "observed": 0.49709595083192176,
        "predicted": 0.4928136262182854,
        "error": 0.004282324613636368
      },
      "0.50": {
        "observed": 0.4982955249473954,
        "predicted": 0.4950632917397864,
        "error": 0.003232233207608959
      },
      "0.60": {
        "observed": 0.49966493354811464,
        "predicted": 0.4973131571757827,
        "error": 0.002351776372331915
      },
      "0.75": {
        "observed": 0.49916093472574286,
        "predicted": 0.5006881308786687,
        "error": 0.001527196152925847
      },
      "0.90": {
        "observed": 0.5004796323057056,
        "predicted": 0.5040630418776518,
        "error": 0.00358340957194625
      },
      "1.00": {
        "observed": 0.502745859206519,
        "predicted": 0.5063127958494479,
        "error": 0.003566936642928842
      }
    },
    "formula": "lambda_hat = sigmoid(0.090 * (M/N - 1) + 0.025)"
  },
  "communication": {
    "method": "Cheap Talk (1D message)",
    "final_lambda": 0.4936922725392588,
    "lambda_std": 0.0006159651789358349,
    "survival_pct": 50.0,
    "trap_rate_pct": 100.0
  },
  "shared_critic": {
    "method": "Shared Critic (CTDE)",
    "final_lambda": 0.4939113003329768,
    "lambda_std": 0.0006477247487962815,
    "survival_pct": 50.166666666666664,
    "trap_rate_pct": 100.0
  },
  "neural_policy": {
    "method": "2-layer MLP (97 params/agent)",
    "final_lambda": 0.4969596732609218,
    "lambda_std": 0.0004986425365502616,
    "survival_pct": 50.83333333333333,
    "trap_rate_pct": 100.0,
    "params_per_agent": 97
  },
  "time_seconds": 127.81002569198608,
  "config": {
    "N_AGENTS": 20,
    "BYZ_FRAC": 0.3,
    "N_SEEDS": 20,
    "N_EPISODES": 300,
    "experiments": [
      "phase_transition",
      "communication",
      "shared_critic",
      "neural_policy"
    ],
    "framework": "NumPy REINFORCE"
  }
}